#
# There is insufficient memory for the Java Runtime Environment to continue.
# Native memory allocation (mmap) failed to map 29360128 bytes. Error detail: G1 virtual space
# Possible reasons:
#   The system is out of physical RAM or swap space
#   This process is running with CompressedOops enabled, and the Java Heap may be blocking the growth of the native heap
# Possible solutions:
#   Reduce memory load on the system
#   Increase physical memory or swap space
#   Check if swap backing store is full
#   Decrease Java heap size (-Xmx/-Xms)
#   Decrease number of Java threads
#   Decrease Java thread stack sizes (-Xss)
#   Set larger code cache with -XX:ReservedCodeCacheSize=
#   JVM is running with Unscaled Compressed Oops mode in which the Java heap is
#     placed in the first 4GB address space. The Java Heap base address is the
#     maximum limit for the native heap growth. Please use -XX:HeapBaseMinAddress
#     to set the Java Heap base and to place the Java Heap above 4GB virtual address.
# This output file may be truncated or incomplete.
#
#  Out of Memory Error (os_windows.cpp:3828), pid=14068, tid=8564
#
# JRE version: OpenJDK Runtime Environment (21.0.4) (build 21.0.4+-12508038-b607.1)
# Java VM: OpenJDK 64-Bit Server VM (21.0.4+-12508038-b607.1, mixed mode, tiered, compressed oops, compressed class ptrs, g1 gc, windows-amd64)
# No core dump will be written. Minidumps are not enabled by default on client versions of Windows
#

---------------  S U M M A R Y ------------

Command Line: --add-opens=java.base/java.util=ALL-UNNAMED --add-opens=java.base/java.lang=ALL-UNNAMED --add-opens=java.base/java.lang.invoke=ALL-UNNAMED --add-opens=java.prefs/java.util.prefs=ALL-UNNAMED --add-exports=jdk.compiler/com.sun.tools.javac.api=ALL-UNNAMED --add-exports=jdk.compiler/com.sun.tools.javac.util=ALL-UNNAMED --add-opens=java.base/java.nio.charset=ALL-UNNAMED --add-opens=java.base/java.net=ALL-UNNAMED --add-opens=java.base/java.util.concurrent.atomic=ALL-UNNAMED -Xmx2048m -Dfile.encoding=UTF-8 -Duser.country=US -Duser.language=en -Duser.variant -javaagent:C:\Users\Hilzam\.gradle\wrapper\dists\gradle-8.10.2-bin\a04bxjujx95o3nb99gddekhwo\gradle-8.10.2\lib\agents\gradle-instrumentation-agent-8.10.2.jar org.gradle.launcher.daemon.bootstrap.GradleDaemon 8.10.2

Host: Intel(R) Core(TM) i5-1035G1 CPU @ 1.00GHz, 8 cores, 7G,  Windows 11 , 64 bit Build 22621 (10.0.22621.4974)
Time: Fri Mar 28 14:03:32 2025 SE Asia Standard Time elapsed time: 32.728450 seconds (0d 0h 0m 32s)

---------------  T H R E A D  ---------------

Current thread (0x000002647e010370):  VMThread "VM Thread"          [id=8564, stack(0x000000f64e100000,0x000000f64e200000) (1024K)]

Stack: [0x000000f64e100000,0x000000f64e200000]
Native frames: (J=compiled Java code, j=interpreted, Vv=VM code, C=native code)
V  [jvm.dll+0x6ce539]
V  [jvm.dll+0x85bf03]
V  [jvm.dll+0x85e45e]
V  [jvm.dll+0x85eb43]
V  [jvm.dll+0x27dd06]
V  [jvm.dll+0x6cada5]
V  [jvm.dll+0x6bf27a]
V  [jvm.dll+0x3541fb]
V  [jvm.dll+0x35be36]
V  [jvm.dll+0x3adbc6]
V  [jvm.dll+0x3ade98]
V  [jvm.dll+0x32691c]
V  [jvm.dll+0x3269a7]
V  [jvm.dll+0x36c78c]
V  [jvm.dll+0x36af3e]
V  [jvm.dll+0x326071]
V  [jvm.dll+0x36a650]
V  [jvm.dll+0x8648c8]
V  [jvm.dll+0x865c44]
V  [jvm.dll+0x866180]
V  [jvm.dll+0x866413]
V  [jvm.dll+0x804418]
V  [jvm.dll+0x6cce0d]
C  [ucrtbase.dll+0x29333]
C  [KERNEL32.DLL+0x1259d]
C  [ntdll.dll+0x5af38]

VM_Operation (0x000000f64fffe060): G1CollectForAllocation, mode: safepoint, requested by thread 0x00000264004ab1d0


---------------  P R O C E S S  ---------------

Threads class SMR info:
_java_thread_list=0x000002640369d960, length=73, elements={
0x000002646058bd80, 0x000002647e068320, 0x000002647e069240, 0x000002647e086850,
0x000002647e088c90, 0x000002647e08a310, 0x000002647e08b170, 0x000002647e08bf00,
0x000002647e08c9a0, 0x000002647e191900, 0x000002647e366530, 0x000002640014c2a0,
0x000002640033b1d0, 0x00000264003bc2f0, 0x00000264003f9370, 0x00000264003e7e00,
0x00000264006389d0, 0x00000264004abef0, 0x00000264004aab40, 0x00000264004ab860,
0x00000264004ac580, 0x00000264004ab1d0, 0x00000264004acc10, 0x00000264004ad2a0,
0x00000264004aa4b0, 0x0000026401d6c9b0, 0x0000026401d6d6d0, 0x0000026401d6dd60,
0x0000026401d6ea80, 0x0000026401d69bc0, 0x0000026401d6c320, 0x0000026401d6e3f0,
0x0000026401d68ea0, 0x0000026401d6a8e0, 0x0000026401d69530, 0x0000026400b49e60,
0x0000026400b4fa40, 0x0000026400b4e690, 0x0000026400b50df0, 0x0000026400b50760,
0x0000026400b500d0, 0x0000026400b4b8a0, 0x0000026400b4ed20, 0x0000026400b4bf30,
0x0000026400b51480, 0x0000026400b4a4f0, 0x0000026400b4f3b0, 0x0000026400b4ab80,
0x0000026400b4e000, 0x0000026400b4b210, 0x0000026400b4c5c0, 0x0000026400b4cc50,
0x0000026400b4d2e0, 0x0000026402ee2af0, 0x0000026402edf670, 0x0000026402ee0390,
0x0000026402ee2460, 0x0000026402ee0a20, 0x0000026402ee4bc0, 0x0000026401d68810,
0x0000026401226b20, 0x0000026401228560, 0x0000026401225770, 0x0000026401225e00,
0x0000026401227840, 0x00000264012271b0, 0x0000026401226490, 0x0000026401227ed0,
0x0000026401228bf0, 0x0000026401229280, 0x0000026401229fa0, 0x000002640122a630,
0x000002640122acc0
}

Java Threads: ( => current thread )
  0x000002646058bd80 JavaThread "main"                              [_thread_blocked, id=14656, stack(0x000000f64da00000,0x000000f64db00000) (1024K)]
  0x000002647e068320 JavaThread "Reference Handler"          daemon [_thread_blocked, id=20708, stack(0x000000f64e200000,0x000000f64e300000) (1024K)]
  0x000002647e069240 JavaThread "Finalizer"                  daemon [_thread_blocked, id=9500, stack(0x000000f64e300000,0x000000f64e400000) (1024K)]
  0x000002647e086850 JavaThread "Signal Dispatcher"          daemon [_thread_blocked, id=13952, stack(0x000000f64e400000,0x000000f64e500000) (1024K)]
  0x000002647e088c90 JavaThread "Attach Listener"            daemon [_thread_blocked, id=20704, stack(0x000000f64e500000,0x000000f64e600000) (1024K)]
  0x000002647e08a310 JavaThread "Service Thread"             daemon [_thread_blocked, id=8920, stack(0x000000f64e600000,0x000000f64e700000) (1024K)]
  0x000002647e08b170 JavaThread "Monitor Deflation Thread"   daemon [_thread_blocked, id=16744, stack(0x000000f64e700000,0x000000f64e800000) (1024K)]
  0x000002647e08bf00 JavaThread "C2 CompilerThread0"         daemon [_thread_blocked, id=16800, stack(0x000000f64e800000,0x000000f64e900000) (1024K)]
  0x000002647e08c9a0 JavaThread "C1 CompilerThread0"         daemon [_thread_blocked, id=13232, stack(0x000000f64e900000,0x000000f64ea00000) (1024K)]
  0x000002647e191900 JavaThread "Common-Cleaner"             daemon [_thread_blocked, id=21520, stack(0x000000f64ea00000,0x000000f64eb00000) (1024K)]
  0x000002647e366530 JavaThread "Notification Thread"        daemon [_thread_blocked, id=4192, stack(0x000000f64eb00000,0x000000f64ec00000) (1024K)]
  0x000002640014c2a0 JavaThread "Daemon health stats"               [_thread_blocked, id=22580, stack(0x000000f64f100000,0x000000f64f200000) (1024K)]
  0x000002640033b1d0 JavaThread "Incoming local TCP Connector on port 54202"        [_thread_in_native, id=23032, stack(0x000000f64ec00000,0x000000f64ed00000) (1024K)]
  0x00000264003bc2f0 JavaThread "Daemon periodic checks"            [_thread_blocked, id=7368, stack(0x000000f64f500000,0x000000f64f600000) (1024K)]
  0x00000264003f9370 JavaThread "Daemon"                            [_thread_blocked, id=6416, stack(0x000000f64f600000,0x000000f64f700000) (1024K)]
  0x00000264003e7e00 JavaThread "Handler for socket connection from /127.0.0.1:54202 to /127.0.0.1:54203"        [_thread_in_native, id=21100, stack(0x000000f64f700000,0x000000f64f800000) (1024K)]
  0x00000264006389d0 JavaThread "Cancel handler"                    [_thread_blocked, id=23312, stack(0x000000f64f800000,0x000000f64f900000) (1024K)]
  0x00000264004abef0 JavaThread "Daemon worker"                     [_thread_blocked, id=6140, stack(0x000000f64f900000,0x000000f64fa00000) (1024K)]
  0x00000264004aab40 JavaThread "Asynchronous log dispatcher for DefaultDaemonConnection: socket connection from /127.0.0.1:54202 to /127.0.0.1:54203"        [_thread_blocked, id=22152, stack(0x000000f64fa00000,0x000000f64fb00000) (1024K)]
  0x00000264004ab860 JavaThread "Stdin handler"                     [_thread_blocked, id=19160, stack(0x000000f64fb00000,0x000000f64fc00000) (1024K)]
  0x00000264004ac580 JavaThread "Daemon client event forwarder"        [_thread_blocked, id=10616, stack(0x000000f64fc00000,0x000000f64fd00000) (1024K)]
  0x00000264004ab1d0 JavaThread "Cache worker for journal cache (C:\Users\Hilzam\.gradle\caches\journal-1)"        [_thread_blocked, id=7216, stack(0x000000f64ff00000,0x000000f650000000) (1024K)]
  0x00000264004acc10 JavaThread "File lock request listener"        [_thread_in_native, id=12528, stack(0x000000f650000000,0x000000f650100000) (1024K)]
  0x00000264004ad2a0 JavaThread "Cache worker for file hash cache (C:\Users\Hilzam\.gradle\caches\8.10.2\fileHashes)"        [_thread_blocked, id=19988, stack(0x000000f650100000,0x000000f650200000) (1024K)]
  0x00000264004aa4b0 JavaThread "Cache worker for file hash cache (D:\Kuliah Bisdig\Semester 4\Programming App Mobile\MATHTARATIM1\.gradle\8.10.2\fileHashes)"        [_thread_blocked, id=11512, stack(0x000000f64fe00000,0x000000f64ff00000) (1024K)]
  0x0000026401d6c9b0 JavaThread "Cache worker for Build Output Cleanup Cache (D:\Kuliah Bisdig\Semester 4\Programming App Mobile\MATHTARATIM1\.gradle\buildOutputCleanup)"        [_thread_blocked, id=9076, stack(0x000000f650200000,0x000000f650300000) (1024K)]
  0x0000026401d6d6d0 JavaThread "File watcher server"        daemon [_thread_blocked, id=18968, stack(0x000000f650300000,0x000000f650400000) (1024K)]
  0x0000026401d6dd60 JavaThread "File watcher consumer"      daemon [_thread_blocked, id=21080, stack(0x000000f650400000,0x000000f650500000) (1024K)]
  0x0000026401d6ea80 JavaThread "Cache worker for checksums cache (D:\Kuliah Bisdig\Semester 4\Programming App Mobile\MATHTARATIM1\.gradle\8.10.2\checksums)"        [_thread_blocked, id=6032, stack(0x000000f650500000,0x000000f650600000) (1024K)]
  0x0000026401d69bc0 JavaThread "Cache worker for file content cache (C:\Users\Hilzam\.gradle\caches\8.10.2\fileContent)"        [_thread_blocked, id=24528, stack(0x000000f650600000,0x000000f650700000) (1024K)]
  0x0000026401d6c320 JavaThread "Cache worker for cache directory md-rule (C:\Users\Hilzam\.gradle\caches\8.10.2\md-rule)"        [_thread_blocked, id=3568, stack(0x000000f650700000,0x000000f650800000) (1024K)]
  0x0000026401d6e3f0 JavaThread "Cache worker for cache directory md-supplier (C:\Users\Hilzam\.gradle\caches\8.10.2\md-supplier)"        [_thread_blocked, id=24160, stack(0x000000f650800000,0x000000f650900000) (1024K)]
  0x0000026401d68ea0 JavaThread "Unconstrained build operations"        [_thread_blocked, id=15676, stack(0x000000f650b00000,0x000000f650c00000) (1024K)]
  0x0000026401d6a8e0 JavaThread "Unconstrained build operations Thread 2"        [_thread_blocked, id=18452, stack(0x000000f650c00000,0x000000f650d00000) (1024K)]
  0x0000026401d69530 JavaThread "Unconstrained build operations Thread 3"        [_thread_blocked, id=4988, stack(0x000000f650d00000,0x000000f650e00000) (1024K)]
  0x0000026400b49e60 JavaThread "Unconstrained build operations Thread 4"        [_thread_blocked, id=17996, stack(0x000000f650e00000,0x000000f650f00000) (1024K)]
  0x0000026400b4fa40 JavaThread "Unconstrained build operations Thread 5"        [_thread_blocked, id=13136, stack(0x000000f650f00000,0x000000f651000000) (1024K)]
  0x0000026400b4e690 JavaThread "Unconstrained build operations Thread 6"        [_thread_blocked, id=4584, stack(0x000000f651000000,0x000000f651100000) (1024K)]
  0x0000026400b50df0 JavaThread "Unconstrained build operations Thread 7"        [_thread_blocked, id=22548, stack(0x000000f651100000,0x000000f651200000) (1024K)]
  0x0000026400b50760 JavaThread "Unconstrained build operations Thread 8"        [_thread_blocked, id=16828, stack(0x000000f651200000,0x000000f651300000) (1024K)]
  0x0000026400b500d0 JavaThread "Unconstrained build operations Thread 9"        [_thread_blocked, id=17196, stack(0x000000f651300000,0x000000f651400000) (1024K)]
  0x0000026400b4b8a0 JavaThread "Unconstrained build operations Thread 10"        [_thread_blocked, id=1896, stack(0x000000f651400000,0x000000f651500000) (1024K)]
  0x0000026400b4ed20 JavaThread "Unconstrained build operations Thread 11"        [_thread_blocked, id=5392, stack(0x000000f651500000,0x000000f651600000) (1024K)]
  0x0000026400b4bf30 JavaThread "Unconstrained build operations Thread 12"        [_thread_blocked, id=7716, stack(0x000000f651600000,0x000000f651700000) (1024K)]
  0x0000026400b51480 JavaThread "Unconstrained build operations Thread 13"        [_thread_blocked, id=21624, stack(0x000000f651700000,0x000000f651800000) (1024K)]
  0x0000026400b4a4f0 JavaThread "Unconstrained build operations Thread 14"        [_thread_blocked, id=17248, stack(0x000000f651800000,0x000000f651900000) (1024K)]
  0x0000026400b4f3b0 JavaThread "Unconstrained build operations Thread 15"        [_thread_blocked, id=22988, stack(0x000000f651900000,0x000000f651a00000) (1024K)]
  0x0000026400b4ab80 JavaThread "Unconstrained build operations Thread 16"        [_thread_blocked, id=19600, stack(0x000000f651a00000,0x000000f651b00000) (1024K)]
  0x0000026400b4e000 JavaThread "Unconstrained build operations Thread 17"        [_thread_blocked, id=9636, stack(0x000000f651b00000,0x000000f651c00000) (1024K)]
  0x0000026400b4b210 JavaThread "Unconstrained build operations Thread 18"        [_thread_blocked, id=24252, stack(0x000000f651c00000,0x000000f651d00000) (1024K)]
  0x0000026400b4c5c0 JavaThread "Unconstrained build operations Thread 19"        [_thread_blocked, id=24052, stack(0x000000f651d00000,0x000000f651e00000) (1024K)]
  0x0000026400b4cc50 JavaThread "Unconstrained build operations Thread 20"        [_thread_blocked, id=7612, stack(0x000000f651e00000,0x000000f651f00000) (1024K)]
  0x0000026400b4d2e0 JavaThread "Unconstrained build operations Thread 21"        [_thread_blocked, id=10044, stack(0x000000f651f00000,0x000000f652000000) (1024K)]
  0x0000026402ee2af0 JavaThread "build event listener"              [_thread_blocked, id=23228, stack(0x000000f650900000,0x000000f650a00000) (1024K)]
  0x0000026402edf670 JavaThread "Memory manager"                    [_thread_blocked, id=13748, stack(0x000000f652100000,0x000000f652200000) (1024K)]
  0x0000026402ee0390 JavaThread "pool-3-thread-1"                   [_thread_blocked, id=18768, stack(0x000000f64d800000,0x000000f64d900000) (1024K)]
  0x0000026402ee2460 JavaThread "build event listener"              [_thread_blocked, id=19640, stack(0x000000f652000000,0x000000f652100000) (1024K)]
  0x0000026402ee0a20 JavaThread "included builds"                   [_thread_blocked, id=9832, stack(0x000000f652200000,0x000000f652300000) (1024K)]
  0x0000026402ee4bc0 JavaThread "Execution worker"                  [_thread_blocked, id=2064, stack(0x000000f652300000,0x000000f652400000) (1024K)]
  0x0000026401d68810 JavaThread "Execution worker Thread 2"         [_thread_blocked, id=840, stack(0x000000f652400000,0x000000f652500000) (1024K)]
  0x0000026401226b20 JavaThread "Execution worker Thread 3"         [_thread_blocked, id=21436, stack(0x000000f652500000,0x000000f652600000) (1024K)]
  0x0000026401228560 JavaThread "Execution worker Thread 4"         [_thread_blocked, id=22144, stack(0x000000f652600000,0x000000f652700000) (1024K)]
  0x0000026401225770 JavaThread "Execution worker Thread 5"         [_thread_blocked, id=10096, stack(0x000000f652700000,0x000000f652800000) (1024K)]
  0x0000026401225e00 JavaThread "Execution worker Thread 6"         [_thread_blocked, id=1172, stack(0x000000f652800000,0x000000f652900000) (1024K)]
  0x0000026401227840 JavaThread "Execution worker Thread 7"         [_thread_blocked, id=14168, stack(0x000000f652900000,0x000000f652a00000) (1024K)]
  0x00000264012271b0 JavaThread "Cache worker for execution history cache (D:\Kuliah Bisdig\Semester 4\Programming App Mobile\MATHTARATIM1\.gradle\8.10.2\executionHistory)"        [_thread_blocked, id=10544, stack(0x000000f652a00000,0x000000f652b00000) (1024K)]
  0x0000026401226490 JavaThread "Unconstrained build operations Thread 22"        [_thread_blocked, id=19532, stack(0x000000f652b00000,0x000000f652c00000) (1024K)]
  0x0000026401227ed0 JavaThread "Unconstrained build operations Thread 23"        [_thread_blocked, id=15692, stack(0x000000f652c00000,0x000000f652d00000) (1024K)]
  0x0000026401228bf0 JavaThread "Unconstrained build operations Thread 24"        [_thread_blocked, id=14232, stack(0x000000f652d00000,0x000000f652e00000) (1024K)]
  0x0000026401229280 JavaThread "Unconstrained build operations Thread 25"        [_thread_blocked, id=14620, stack(0x000000f652e00000,0x000000f652f00000) (1024K)]
  0x0000026401229fa0 JavaThread "Unconstrained build operations Thread 26"        [_thread_blocked, id=14712, stack(0x000000f652f00000,0x000000f653000000) (1024K)]
  0x000002640122a630 JavaThread "Unconstrained build operations Thread 27"        [_thread_blocked, id=7248, stack(0x000000f653000000,0x000000f653100000) (1024K)]
  0x000002640122acc0 JavaThread "Unconstrained build operations Thread 28"        [_thread_blocked, id=23684, stack(0x000000f653100000,0x000000f653200000) (1024K)]
Total: 73

Other Threads:
=>0x000002647e010370 VMThread "VM Thread"                           [id=8564, stack(0x000000f64e100000,0x000000f64e200000) (1024K)]
  0x0000026479ba2f10 WatcherThread "VM Periodic Task Thread"        [id=20500, stack(0x000000f64e000000,0x000000f64e100000) (1024K)]
  0x00000264605e59e0 WorkerThread "GC Thread#0"                     [id=24280, stack(0x000000f64db00000,0x000000f64dc00000) (1024K)]
  0x000002647e865580 WorkerThread "GC Thread#1"                     [id=15504, stack(0x000000f64ed00000,0x000000f64ee00000) (1024K)]
  0x000002647e495120 WorkerThread "GC Thread#2"                     [id=11384, stack(0x000000f64ee00000,0x000000f64ef00000) (1024K)]
  0x000002647f140a10 WorkerThread "GC Thread#3"                     [id=21344, stack(0x000000f64ef00000,0x000000f64f000000) (1024K)]
  0x000002647f0596d0 WorkerThread "GC Thread#4"                     [id=22716, stack(0x000000f64f000000,0x000000f64f100000) (1024K)]
  0x00000264005bab00 WorkerThread "GC Thread#5"                     [id=22116, stack(0x000000f64f200000,0x000000f64f300000) (1024K)]
  0x00000264004159a0 WorkerThread "GC Thread#6"                     [id=12208, stack(0x000000f64f300000,0x000000f64f400000) (1024K)]
  0x0000026400415d40 WorkerThread "GC Thread#7"                     [id=15140, stack(0x000000f64f400000,0x000000f64f500000) (1024K)]
  0x00000264605f72d0 ConcurrentGCThread "G1 Main Marker"            [id=14488, stack(0x000000f64dc00000,0x000000f64dd00000) (1024K)]
  0x00000264605f7dd0 WorkerThread "G1 Conc#0"                       [id=22612, stack(0x000000f64dd00000,0x000000f64de00000) (1024K)]
  0x0000026400698340 WorkerThread "G1 Conc#1"                       [id=23104, stack(0x000000f64fd00000,0x000000f64fe00000) (1024K)]
  0x0000026479a73580 ConcurrentGCThread "G1 Refine#0"               [id=15112, stack(0x000000f64de00000,0x000000f64df00000) (1024K)]
  0x0000026479a74000 ConcurrentGCThread "G1 Service"                [id=7144, stack(0x000000f64df00000,0x000000f64e000000) (1024K)]
Total: 15

Threads with active compile tasks:
C2 CompilerThread0    32852 11604       4       org.gradle.internal.instantiation.generator.AbstractClassGenerator::inspectType (560 bytes)
C1 CompilerThread0    32852 12087       3       org.gradle.internal.operations.DefaultBuildOperationRunner::execute (147 bytes)
Total: 2

VM state: at safepoint (normal execution)

VM Mutex/Monitor currently owned by a thread:  ([mutex/lock_event])
[0x00007ffbb7d672f8] Threads_lock - owner thread: 0x000002647e010370
[0x00007ffbb7d673f8] Heap_lock - owner thread: 0x00000264004ab1d0

Heap address: 0x0000000080000000, size: 2048 MB, Compressed Oops mode: 32-bit

CDS archive(s) not mapped
Compressed class space mapped at: 0x0000000100000000-0x0000000140000000, reserved size: 1073741824
Narrow klass base: 0x0000000000000000, Narrow klass shift: 3, Narrow klass range: 0x140000000

GC Precious Log:
 CardTable entry size: 512
 Card Set container configuration: InlinePtr #cards 5 size 8 Array Of Cards #cards 12 size 40 Howl #buckets 4 coarsen threshold 1843 Howl Bitmap #cards 512 size 80 coarsen threshold 460 Card regions per heap region 1 cards per card region 2048
 CPUs: 8 total, 8 available
 Memory: 7930M
 Large Page Support: Disabled
 NUMA Support: Disabled
 Compressed Oops: Enabled (32-bit)
 Heap Region Size: 1M
 Heap Min Capacity: 8M
 Heap Initial Capacity: 124M
 Heap Max Capacity: 2G
 Pre-touch: Disabled
 Parallel Workers: 8
 Concurrent Workers: 2
 Concurrent Refinement Workers: 8
 Periodic GC: Disabled

Heap:
 garbage-first heap   total 141312K, used 95361K [0x0000000080000000, 0x0000000100000000)
  region size 1024K, 6 young (6144K), 6 survivors (6144K)
 Metaspace       used 111117K, committed 113216K, reserved 1179648K
  class space    used 14955K, committed 16000K, reserved 1048576K

Heap Regions: E=young(eden), S=young(survivor), O=old, HS=humongous(starts), HC=humongous(continues), CS=collection set, F=free, TAMS=top-at-mark-start, PB=parsable bottom
|   0|0x0000000080000000, 0x0000000080100000, 0x0000000080100000|100%| O|  |TAMS 0x0000000080100000| PB 0x0000000080000000| Untracked 
|   1|0x0000000080100000, 0x0000000080200000, 0x0000000080200000|100%| O|  |TAMS 0x0000000080200000| PB 0x0000000080100000| Untracked 
|   2|0x0000000080200000, 0x0000000080300000, 0x0000000080300000|100%|HS|  |TAMS 0x0000000080300000| PB 0x0000000080200000| Complete 
|   3|0x0000000080300000, 0x0000000080400000, 0x0000000080400000|100%|HC|  |TAMS 0x0000000080400000| PB 0x0000000080300000| Complete 
|   4|0x0000000080400000, 0x0000000080500000, 0x0000000080500000|100%|HC|  |TAMS 0x0000000080500000| PB 0x0000000080400000| Complete 
|   5|0x0000000080500000, 0x0000000080600000, 0x0000000080600000|100%|HC|  |TAMS 0x0000000080600000| PB 0x0000000080500000| Complete 
|   6|0x0000000080600000, 0x0000000080700000, 0x0000000080700000|100%| O|  |TAMS 0x0000000080700000| PB 0x0000000080600000| Untracked 
|   7|0x0000000080700000, 0x0000000080800000, 0x0000000080800000|100%| O|  |TAMS 0x0000000080800000| PB 0x0000000080700000| Untracked 
|   8|0x0000000080800000, 0x0000000080900000, 0x0000000080900000|100%| O|  |TAMS 0x0000000080900000| PB 0x0000000080800000| Untracked 
|   9|0x0000000080900000, 0x0000000080a00000, 0x0000000080a00000|100%|HS|  |TAMS 0x0000000080a00000| PB 0x0000000080900000| Complete 
|  10|0x0000000080a00000, 0x0000000080b00000, 0x0000000080b00000|100%| O|  |TAMS 0x0000000080b00000| PB 0x0000000080a00000| Untracked 
|  11|0x0000000080b00000, 0x0000000080c00000, 0x0000000080c00000|100%| O|  |TAMS 0x0000000080c00000| PB 0x0000000080b00000| Untracked 
|  12|0x0000000080c00000, 0x0000000080d00000, 0x0000000080d00000|100%| O|  |TAMS 0x0000000080d00000| PB 0x0000000080c00000| Untracked 
|  13|0x0000000080d00000, 0x0000000080e00000, 0x0000000080e00000|100%| O|  |TAMS 0x0000000080e00000| PB 0x0000000080d00000| Untracked 
|  14|0x0000000080e00000, 0x0000000080f00000, 0x0000000080f00000|100%| O|  |TAMS 0x0000000080f00000| PB 0x0000000080e00000| Untracked 
|  15|0x0000000080f00000, 0x0000000081000000, 0x0000000081000000|100%| O|  |TAMS 0x0000000081000000| PB 0x0000000080f00000| Untracked 
|  16|0x0000000081000000, 0x0000000081100000, 0x0000000081100000|100%| O|  |TAMS 0x0000000081100000| PB 0x0000000081000000| Untracked 
|  17|0x0000000081100000, 0x0000000081200000, 0x0000000081200000|100%| O|  |TAMS 0x0000000081200000| PB 0x0000000081100000| Untracked 
|  18|0x0000000081200000, 0x0000000081300000, 0x0000000081300000|100%| O|  |TAMS 0x0000000081300000| PB 0x0000000081200000| Untracked 
|  19|0x0000000081300000, 0x0000000081400000, 0x0000000081400000|100%| O|  |TAMS 0x0000000081400000| PB 0x0000000081300000| Untracked 
|  20|0x0000000081400000, 0x0000000081500000, 0x0000000081500000|100%| O|  |TAMS 0x0000000081500000| PB 0x0000000081400000| Untracked 
|  21|0x0000000081500000, 0x0000000081600000, 0x0000000081600000|100%| O|  |TAMS 0x0000000081600000| PB 0x0000000081500000| Untracked 
|  22|0x0000000081600000, 0x0000000081700000, 0x0000000081700000|100%| O|  |TAMS 0x0000000081700000| PB 0x0000000081600000| Untracked 
|  23|0x0000000081700000, 0x0000000081800000, 0x0000000081800000|100%| O|  |TAMS 0x0000000081800000| PB 0x0000000081700000| Untracked 
|  24|0x0000000081800000, 0x0000000081900000, 0x0000000081900000|100%| O|  |TAMS 0x0000000081900000| PB 0x0000000081800000| Untracked 
|  25|0x0000000081900000, 0x0000000081a00000, 0x0000000081a00000|100%| O|  |TAMS 0x0000000081a00000| PB 0x0000000081900000| Untracked 
|  26|0x0000000081a00000, 0x0000000081b00000, 0x0000000081b00000|100%| O|  |TAMS 0x0000000081b00000| PB 0x0000000081a00000| Untracked 
|  27|0x0000000081b00000, 0x0000000081c00000, 0x0000000081c00000|100%| O|  |TAMS 0x0000000081c00000| PB 0x0000000081b00000| Untracked 
|  28|0x0000000081c00000, 0x0000000081d00000, 0x0000000081d00000|100%| O|  |TAMS 0x0000000081d00000| PB 0x0000000081c00000| Untracked 
|  29|0x0000000081d00000, 0x0000000081e00000, 0x0000000081e00000|100%| O|  |TAMS 0x0000000081e00000| PB 0x0000000081d00000| Untracked 
|  30|0x0000000081e00000, 0x0000000081f00000, 0x0000000081f00000|100%|HS|  |TAMS 0x0000000081f00000| PB 0x0000000081e00000| Complete 
|  31|0x0000000081f00000, 0x0000000082000000, 0x0000000082000000|100%| O|  |TAMS 0x0000000082000000| PB 0x0000000081f00000| Untracked 
|  32|0x0000000082000000, 0x0000000082100000, 0x0000000082100000|100%| O|  |TAMS 0x0000000082100000| PB 0x0000000082000000| Untracked 
|  33|0x0000000082100000, 0x0000000082200000, 0x0000000082200000|100%| O|  |TAMS 0x0000000082200000| PB 0x0000000082100000| Untracked 
|  34|0x0000000082200000, 0x0000000082300000, 0x0000000082300000|100%| O|  |TAMS 0x0000000082300000| PB 0x0000000082200000| Untracked 
|  35|0x0000000082300000, 0x0000000082400000, 0x0000000082400000|100%| O|  |TAMS 0x0000000082400000| PB 0x0000000082300000| Untracked 
|  36|0x0000000082400000, 0x0000000082500000, 0x0000000082500000|100%| O|  |TAMS 0x0000000082500000| PB 0x0000000082400000| Untracked 
|  37|0x0000000082500000, 0x0000000082600000, 0x0000000082600000|100%| O|  |TAMS 0x0000000082600000| PB 0x0000000082500000| Untracked 
|  38|0x0000000082600000, 0x0000000082700000, 0x0000000082700000|100%| O|  |TAMS 0x0000000082700000| PB 0x0000000082600000| Untracked 
|  39|0x0000000082700000, 0x0000000082800000, 0x0000000082800000|100%| O|  |TAMS 0x0000000082800000| PB 0x0000000082700000| Untracked 
|  40|0x0000000082800000, 0x0000000082900000, 0x0000000082900000|100%| O|  |TAMS 0x0000000082900000| PB 0x0000000082800000| Untracked 
|  41|0x0000000082900000, 0x0000000082a00000, 0x0000000082a00000|100%| O|  |TAMS 0x0000000082a00000| PB 0x0000000082900000| Untracked 
|  42|0x0000000082a00000, 0x0000000082b00000, 0x0000000082b00000|100%| O|  |TAMS 0x0000000082b00000| PB 0x0000000082a00000| Untracked 
|  43|0x0000000082b00000, 0x0000000082c00000, 0x0000000082c00000|100%| O|  |TAMS 0x0000000082c00000| PB 0x0000000082b00000| Untracked 
|  44|0x0000000082c00000, 0x0000000082d00000, 0x0000000082d00000|100%|HS|  |TAMS 0x0000000082d00000| PB 0x0000000082c00000| Complete 
|  45|0x0000000082d00000, 0x0000000082e00000, 0x0000000082e00000|100%|HS|  |TAMS 0x0000000082e00000| PB 0x0000000082d00000| Complete 
|  46|0x0000000082e00000, 0x0000000082f00000, 0x0000000082f00000|100%|HS|  |TAMS 0x0000000082f00000| PB 0x0000000082e00000| Complete 
|  47|0x0000000082f00000, 0x0000000083000000, 0x0000000083000000|100%| O|  |TAMS 0x0000000083000000| PB 0x0000000082f00000| Untracked 
|  48|0x0000000083000000, 0x0000000083100000, 0x0000000083100000|100%|HS|  |TAMS 0x0000000083100000| PB 0x0000000083000000| Complete 
|  49|0x0000000083100000, 0x0000000083200000, 0x0000000083200000|100%|HS|  |TAMS 0x0000000083200000| PB 0x0000000083100000| Complete 
|  50|0x0000000083200000, 0x0000000083300000, 0x0000000083300000|100%| O|  |TAMS 0x0000000083200000| PB 0x0000000083200000| Untracked 
|  51|0x0000000083300000, 0x0000000083400000, 0x0000000083400000|100%|HS|  |TAMS 0x0000000083400000| PB 0x0000000083300000| Complete 
|  52|0x0000000083400000, 0x0000000083500000, 0x0000000083500000|100%| O|  |TAMS 0x0000000083500000| PB 0x0000000083400000| Untracked 
|  53|0x0000000083500000, 0x0000000083600000, 0x0000000083600000|100%| O|  |TAMS 0x0000000083600000| PB 0x0000000083500000| Untracked 
|  54|0x0000000083600000, 0x0000000083700000, 0x0000000083700000|100%| O|  |TAMS 0x0000000083600000| PB 0x0000000083600000| Untracked 
|  55|0x0000000083700000, 0x0000000083800000, 0x0000000083800000|100%| O|  |TAMS 0x0000000083800000| PB 0x0000000083700000| Untracked 
|  56|0x0000000083800000, 0x0000000083900000, 0x0000000083900000|100%| O|  |TAMS 0x0000000083900000| PB 0x0000000083800000| Untracked 
|  57|0x0000000083900000, 0x0000000083a00000, 0x0000000083a00000|100%| O|  |TAMS 0x0000000083a00000| PB 0x0000000083900000| Untracked 
|  58|0x0000000083a00000, 0x0000000083b00000, 0x0000000083b00000|100%| O|  |TAMS 0x0000000083b00000| PB 0x0000000083a00000| Untracked 
|  59|0x0000000083b00000, 0x0000000083c00000, 0x0000000083c00000|100%| O|  |TAMS 0x0000000083c00000| PB 0x0000000083b00000| Untracked 
|  60|0x0000000083c00000, 0x0000000083d00000, 0x0000000083d00000|100%| O|  |TAMS 0x0000000083d00000| PB 0x0000000083c00000| Untracked 
|  61|0x0000000083d00000, 0x0000000083e00000, 0x0000000083e00000|100%| O|  |TAMS 0x0000000083d00000| PB 0x0000000083d00000| Untracked 
|  62|0x0000000083e00000, 0x0000000083f00000, 0x0000000083f00000|100%| O|  |TAMS 0x0000000083f00000| PB 0x0000000083e00000| Untracked 
|  63|0x0000000083f00000, 0x0000000084000000, 0x0000000084000000|100%| O|  |TAMS 0x0000000084000000| PB 0x0000000083f00000| Untracked 
|  64|0x0000000084000000, 0x0000000084100000, 0x0000000084100000|100%| O|  |TAMS 0x0000000084100000| PB 0x0000000084000000| Untracked 
|  65|0x0000000084100000, 0x0000000084200000, 0x0000000084200000|100%| O|  |TAMS 0x0000000084200000| PB 0x0000000084100000| Untracked 
|  66|0x0000000084200000, 0x0000000084300000, 0x0000000084300000|100%| O|  |TAMS 0x0000000084300000| PB 0x0000000084200000| Untracked 
|  67|0x0000000084300000, 0x0000000084400000, 0x0000000084400000|100%| O|  |TAMS 0x0000000084400000| PB 0x0000000084300000| Untracked 
|  68|0x0000000084400000, 0x0000000084500000, 0x0000000084500000|100%| O|  |TAMS 0x0000000084500000| PB 0x0000000084400000| Untracked 
|  69|0x0000000084500000, 0x0000000084600000, 0x0000000084600000|100%| O|  |TAMS 0x0000000084600000| PB 0x0000000084500000| Untracked 
|  70|0x0000000084600000, 0x0000000084700000, 0x0000000084700000|100%| O|  |TAMS 0x0000000084700000| PB 0x0000000084600000| Untracked 
|  71|0x0000000084700000, 0x0000000084800000, 0x0000000084800000|100%| O|  |TAMS 0x0000000084800000| PB 0x0000000084700000| Untracked 
|  72|0x0000000084800000, 0x0000000084900000, 0x0000000084900000|100%| O|  |TAMS 0x0000000084900000| PB 0x0000000084800000| Untracked 
|  73|0x0000000084900000, 0x0000000084a00000, 0x0000000084a00000|100%| O|  |TAMS 0x0000000084a00000| PB 0x0000000084900000| Untracked 
|  74|0x0000000084a00000, 0x0000000084b00000, 0x0000000084b00000|100%| O|  |TAMS 0x0000000084b00000| PB 0x0000000084a00000| Untracked 
|  75|0x0000000084b00000, 0x0000000084b00000, 0x0000000084c00000|  0%| F|  |TAMS 0x0000000084b00000| PB 0x0000000084b00000| Untracked 
|  76|0x0000000084c00000, 0x0000000084d00000, 0x0000000084d00000|100%| O|  |TAMS 0x0000000084c00000| PB 0x0000000084c00000| Untracked 
|  77|0x0000000084d00000, 0x0000000084e00000, 0x0000000084e00000|100%| O|  |TAMS 0x0000000084d00000| PB 0x0000000084d00000| Untracked 
|  78|0x0000000084e00000, 0x0000000084f00000, 0x0000000084f00000|100%| O|  |TAMS 0x0000000084e00000| PB 0x0000000084e00000| Untracked 
|  79|0x0000000084f00000, 0x0000000084f31560, 0x0000000085000000| 19%| O|  |TAMS 0x0000000084f00000| PB 0x0000000084f00000| Untracked 
|  80|0x0000000085000000, 0x0000000085100000, 0x0000000085100000|100%| O|  |TAMS 0x0000000085100000| PB 0x0000000085000000| Untracked 
|  81|0x0000000085100000, 0x0000000085200000, 0x0000000085200000|100%| O|  |TAMS 0x0000000085200000| PB 0x0000000085100000| Untracked 
|  82|0x0000000085200000, 0x0000000085300000, 0x0000000085300000|100%| O|  |TAMS 0x0000000085300000| PB 0x0000000085200000| Untracked 
|  83|0x0000000085300000, 0x0000000085300000, 0x0000000085400000|  0%| F|  |TAMS 0x0000000085300000| PB 0x0000000085300000| Untracked 
|  84|0x0000000085400000, 0x0000000085400000, 0x0000000085500000|  0%| F|  |TAMS 0x0000000085400000| PB 0x0000000085400000| Untracked 
|  85|0x0000000085500000, 0x0000000085500000, 0x0000000085600000|  0%| F|  |TAMS 0x0000000085500000| PB 0x0000000085500000| Untracked 
|  86|0x0000000085600000, 0x0000000085600000, 0x0000000085700000|  0%| F|  |TAMS 0x0000000085600000| PB 0x0000000085600000| Untracked 
|  87|0x0000000085700000, 0x0000000085700000, 0x0000000085800000|  0%| F|  |TAMS 0x0000000085700000| PB 0x0000000085700000| Untracked 
|  88|0x0000000085800000, 0x0000000085800000, 0x0000000085900000|  0%| F|  |TAMS 0x0000000085800000| PB 0x0000000085800000| Untracked 
|  89|0x0000000085900000, 0x00000000859ef260, 0x0000000085a00000| 93%| S|CS|TAMS 0x0000000085900000| PB 0x0000000085900000| Complete 
|  90|0x0000000085a00000, 0x0000000085b00000, 0x0000000085b00000|100%| S|CS|TAMS 0x0000000085a00000| PB 0x0000000085a00000| Complete 
|  91|0x0000000085b00000, 0x0000000085c00000, 0x0000000085c00000|100%| S|CS|TAMS 0x0000000085b00000| PB 0x0000000085b00000| Complete 
|  92|0x0000000085c00000, 0x0000000085d00000, 0x0000000085d00000|100%| S|CS|TAMS 0x0000000085c00000| PB 0x0000000085c00000| Complete 
|  93|0x0000000085d00000, 0x0000000085e00000, 0x0000000085e00000|100%| S|CS|TAMS 0x0000000085d00000| PB 0x0000000085d00000| Complete 
|  94|0x0000000085e00000, 0x0000000085f00000, 0x0000000085f00000|100%| S|CS|TAMS 0x0000000085e00000| PB 0x0000000085e00000| Complete 
|  95|0x0000000085f00000, 0x0000000085f00000, 0x0000000086000000|  0%| F|  |TAMS 0x0000000085f00000| PB 0x0000000085f00000| Untracked 
|  96|0x0000000086000000, 0x0000000086000000, 0x0000000086100000|  0%| F|  |TAMS 0x0000000086000000| PB 0x0000000086000000| Untracked 
|  97|0x0000000086100000, 0x0000000086100000, 0x0000000086200000|  0%| F|  |TAMS 0x0000000086100000| PB 0x0000000086100000| Untracked 
|  98|0x0000000086200000, 0x0000000086200000, 0x0000000086300000|  0%| F|  |TAMS 0x0000000086200000| PB 0x0000000086200000| Untracked 
|  99|0x0000000086300000, 0x0000000086300000, 0x0000000086400000|  0%| F|  |TAMS 0x0000000086300000| PB 0x0000000086300000| Untracked 
| 100|0x0000000086400000, 0x0000000086400000, 0x0000000086500000|  0%| F|  |TAMS 0x0000000086400000| PB 0x0000000086400000| Untracked 
| 101|0x0000000086500000, 0x0000000086500000, 0x0000000086600000|  0%| F|  |TAMS 0x0000000086500000| PB 0x0000000086500000| Untracked 
| 102|0x0000000086600000, 0x0000000086600000, 0x0000000086700000|  0%| F|  |TAMS 0x0000000086600000| PB 0x0000000086600000| Untracked 
| 103|0x0000000086700000, 0x0000000086700000, 0x0000000086800000|  0%| F|  |TAMS 0x0000000086700000| PB 0x0000000086700000| Untracked 
| 104|0x0000000086800000, 0x0000000086800000, 0x0000000086900000|  0%| F|  |TAMS 0x0000000086800000| PB 0x0000000086800000| Untracked 
| 105|0x0000000086900000, 0x0000000086900000, 0x0000000086a00000|  0%| F|  |TAMS 0x0000000086900000| PB 0x0000000086900000| Untracked 
| 106|0x0000000086a00000, 0x0000000086a00000, 0x0000000086b00000|  0%| F|  |TAMS 0x0000000086a00000| PB 0x0000000086a00000| Untracked 
| 107|0x0000000086b00000, 0x0000000086b00000, 0x0000000086c00000|  0%| F|  |TAMS 0x0000000086b00000| PB 0x0000000086b00000| Untracked 
| 108|0x0000000086c00000, 0x0000000086c00000, 0x0000000086d00000|  0%| F|  |TAMS 0x0000000086c00000| PB 0x0000000086c00000| Untracked 
| 109|0x0000000086d00000, 0x0000000086d00000, 0x0000000086e00000|  0%| F|  |TAMS 0x0000000086d00000| PB 0x0000000086d00000| Untracked 
| 110|0x0000000086e00000, 0x0000000086e00000, 0x0000000086f00000|  0%| F|  |TAMS 0x0000000086e00000| PB 0x0000000086e00000| Untracked 
| 111|0x0000000086f00000, 0x0000000086f00000, 0x0000000087000000|  0%| F|  |TAMS 0x0000000086f00000| PB 0x0000000086f00000| Untracked 
| 112|0x0000000087000000, 0x0000000087000000, 0x0000000087100000|  0%| F|  |TAMS 0x0000000087000000| PB 0x0000000087000000| Untracked 
| 113|0x0000000087100000, 0x0000000087100000, 0x0000000087200000|  0%| F|  |TAMS 0x0000000087100000| PB 0x0000000087100000| Untracked 
| 114|0x0000000087200000, 0x0000000087200000, 0x0000000087300000|  0%| F|  |TAMS 0x0000000087200000| PB 0x0000000087200000| Untracked 
| 115|0x0000000087300000, 0x0000000087300000, 0x0000000087400000|  0%| F|  |TAMS 0x0000000087300000| PB 0x0000000087300000| Untracked 
| 116|0x0000000087400000, 0x0000000087400000, 0x0000000087500000|  0%| F|  |TAMS 0x0000000087400000| PB 0x0000000087400000| Untracked 
| 117|0x0000000087500000, 0x0000000087500000, 0x0000000087600000|  0%| F|  |TAMS 0x0000000087500000| PB 0x0000000087500000| Untracked 
| 118|0x0000000087600000, 0x0000000087600000, 0x0000000087700000|  0%| F|  |TAMS 0x0000000087600000| PB 0x0000000087600000| Untracked 
| 119|0x0000000087700000, 0x0000000087700000, 0x0000000087800000|  0%| F|  |TAMS 0x0000000087700000| PB 0x0000000087700000| Untracked 
| 120|0x0000000087800000, 0x0000000087800000, 0x0000000087900000|  0%| F|  |TAMS 0x0000000087800000| PB 0x0000000087800000| Untracked 
| 121|0x0000000087900000, 0x0000000087900000, 0x0000000087a00000|  0%| F|  |TAMS 0x0000000087900000| PB 0x0000000087900000| Untracked 
| 122|0x0000000087a00000, 0x0000000087a00000, 0x0000000087b00000|  0%| F|  |TAMS 0x0000000087a00000| PB 0x0000000087a00000| Untracked 
| 123|0x0000000087b00000, 0x0000000087b00000, 0x0000000087c00000|  0%| F|  |TAMS 0x0000000087b00000| PB 0x0000000087b00000| Untracked 
| 124|0x0000000087c00000, 0x0000000087c00000, 0x0000000087d00000|  0%| F|  |TAMS 0x0000000087c00000| PB 0x0000000087c00000| Untracked 
| 125|0x0000000087d00000, 0x0000000087d00000, 0x0000000087e00000|  0%| F|  |TAMS 0x0000000087d00000| PB 0x0000000087d00000| Untracked 
| 126|0x0000000087e00000, 0x0000000087e00000, 0x0000000087f00000|  0%| F|  |TAMS 0x0000000087e00000| PB 0x0000000087e00000| Untracked 
|2037|0x00000000ff500000, 0x00000000ff600000, 0x00000000ff600000|100%| O|  |TAMS 0x00000000ff598428| PB 0x00000000ff500000| Untracked 
|2038|0x00000000ff600000, 0x00000000ff700000, 0x00000000ff700000|100%| O|  |TAMS 0x00000000ff700000| PB 0x00000000ff600000| Untracked 
|2039|0x00000000ff700000, 0x00000000ff700000, 0x00000000ff800000|  0%| F|  |TAMS 0x00000000ff700000| PB 0x00000000ff700000| Untracked 
|2040|0x00000000ff800000, 0x00000000ff800000, 0x00000000ff900000|  0%| F|  |TAMS 0x00000000ff800000| PB 0x00000000ff800000| Untracked 
|2041|0x00000000ff900000, 0x00000000ff900000, 0x00000000ffa00000|  0%| F|  |TAMS 0x00000000ff900000| PB 0x00000000ff900000| Untracked 
|2042|0x00000000ffa00000, 0x00000000ffa00000, 0x00000000ffb00000|  0%| F|  |TAMS 0x00000000ffa00000| PB 0x00000000ffa00000| Untracked 
|2043|0x00000000ffb00000, 0x00000000ffb00000, 0x00000000ffc00000|  0%| F|  |TAMS 0x00000000ffb00000| PB 0x00000000ffb00000| Untracked 
|2044|0x00000000ffc00000, 0x00000000ffd00000, 0x00000000ffd00000|100%| O|  |TAMS 0x00000000ffd00000| PB 0x00000000ffc00000| Untracked 
|2045|0x00000000ffd00000, 0x00000000ffe00000, 0x00000000ffe00000|100%| O|  |TAMS 0x00000000ffe00000| PB 0x00000000ffd00000| Untracked 
|2046|0x00000000ffe00000, 0x00000000fff00000, 0x00000000fff00000|100%| O|  |TAMS 0x00000000fff00000| PB 0x00000000ffe00000| Untracked 
|2047|0x00000000fff00000, 0x0000000100000000, 0x0000000100000000|100%| O|  |TAMS 0x0000000100000000| PB 0x00000000fff00000| Untracked 

Card table byte_map: [0x0000026474d20000,0x0000026475120000] _byte_map_base: 0x0000026474920000

Marking Bits: (CMBitMap*) 0x00000264605e60e0
 Bits: [0x0000026475120000, 0x0000026477120000)

Polling page: 0x0000026460650000

Metaspace:

Usage:
  Non-class:     93.91 MB used.
      Class:     14.61 MB used.
       Both:    108.51 MB used.

Virtual space:
  Non-class space:      128.00 MB reserved,      94.94 MB ( 74%) committed,  2 nodes.
      Class space:        1.00 GB reserved,      15.62 MB (  2%) committed,  1 nodes.
             Both:        1.12 GB reserved,     110.56 MB ( 10%) committed. 

Chunk freelists:
   Non-Class:  288.00 KB
       Class:  420.00 KB
        Both:  708.00 KB

MaxMetaspaceSize: unlimited
CompressedClassSpaceSize: 1.00 GB
Initial GC threshold: 21.00 MB
Current GC threshold: 170.12 MB
CDS: off
 - commit_granule_bytes: 65536.
 - commit_granule_words: 8192.
 - virtual_space_node_default_size: 8388608.
 - enlarge_chunks_in_place: 1.
 - use_allocation_guard: 0.


Internal statistics:

num_allocs_failed_limit: 9.
num_arena_births: 3994.
num_arena_deaths: 0.
num_vsnodes_births: 3.
num_vsnodes_deaths: 0.
num_space_committed: 1768.
num_space_uncommitted: 0.
num_chunks_returned_to_freelist: 9.
num_chunks_taken_from_freelist: 8489.
num_chunk_merges: 9.
num_chunk_splits: 5573.
num_chunks_enlarged: 3577.
num_inconsistent_stats: 0.

CodeHeap 'non-profiled nmethods': size=120000Kb used=5414Kb max_used=5414Kb free=114585Kb
 bounds [0x000002646c970000, 0x000002646cec0000, 0x0000026473ea0000]
CodeHeap 'profiled nmethods': size=120000Kb used=19355Kb max_used=19355Kb free=100644Kb
 bounds [0x0000026464ea0000, 0x0000026466190000, 0x000002646c3d0000]
CodeHeap 'non-nmethods': size=5760Kb used=2450Kb max_used=2450Kb free=3310Kb
 bounds [0x000002646c3d0000, 0x000002646c650000, 0x000002646c970000]
 total_blobs=11214 nmethods=10333 adapters=782
 compilation: enabled
              stopped_count=0, restarted_count=0
 full_count=0

Compilation events (20 events):
Event: 32.680 Thread 0x000002647e08c9a0 nmethod 12076 0x0000026466182810 code [0x00000264661829a0, 0x0000026466182aa8]
Event: 32.682 Thread 0x000002647e08c9a0 12077       3       org.gradle.internal.snapshot.AbstractListChildMap::store (72 bytes)
Event: 32.683 Thread 0x000002647e08c9a0 nmethod 12077 0x0000026466182b10 code [0x0000026466182e00, 0x0000026466183f28]
Event: 32.685 Thread 0x000002647e08c9a0 12078       2       org.gradle.internal.Deferrable$3::getCompleted (8 bytes)
Event: 32.685 Thread 0x000002647e08c9a0 nmethod 12078 0x0000026466184590 code [0x0000026466184720, 0x00000264661848e0]
Event: 32.687 Thread 0x000002647e08c9a0 12079       2       org.gradle.internal.operations.DefaultBuildOperationExecutor$$Lambda/0x0000000100873548::execute (11 bytes)
Event: 32.687 Thread 0x000002647e08c9a0 nmethod 12079 0x0000026466184990 code [0x0000026466184b40, 0x0000026466184cc8]
Event: 32.694 Thread 0x000002647e08c9a0 12080       2       com.google.common.collect.SingletonImmutableList::spliterator (13 bytes)
Event: 32.695 Thread 0x000002647e08c9a0 nmethod 12080 0x0000026466184d90 code [0x0000026466184f40, 0x00000264661851c0]
Event: 32.695 Thread 0x000002647e08c9a0 12081       2       org.gradle.api.internal.artifacts.transform.TransformingAsyncArtifactListener$TransformedArtifact$$Lambda/0x0000000100a322f0::apply (12 bytes)
Event: 32.695 Thread 0x000002647e08c9a0 nmethod 12081 0x0000026466185310 code [0x00000264661854e0, 0x0000026466185798]
Event: 32.695 Thread 0x000002647e08c9a0 12082       2       org.gradle.api.internal.artifacts.transform.TransformingAsyncArtifactListener$TransformedArtifact$$Lambda/0x0000000100a32548::apply (12 bytes)
Event: 32.695 Thread 0x000002647e08c9a0 nmethod 12082 0x0000026466185990 code [0x0000026466185b40, 0x0000026466185cc0]
Event: 32.710 Thread 0x000002647e08c9a0 12084       2       org.gradle.internal.execution.DefaultWorkExecutionTracker$OperationListener::started (60 bytes)
Event: 32.711 Thread 0x000002647e08c9a0 nmethod 12084 0x0000026466185e10 code [0x0000026466185fe0, 0x0000026466186270]
Event: 32.712 Thread 0x000002647e08c9a0 12085       3       org.gradle.internal.operations.BuildOperationState::<init> (26 bytes)
Event: 32.712 Thread 0x000002647e08c9a0 nmethod 12085 0x0000026466186490 code [0x0000026466186640, 0x0000026466186970]
Event: 32.713 Thread 0x000002647e08c9a0 12086       2       org.gradle.internal.snapshot.AbstractFileSystemLocationSnapshot::getSnapshot (7 bytes)
Event: 32.713 Thread 0x000002647e08c9a0 nmethod 12086 0x0000026466186a90 code [0x0000026466186c40, 0x0000026466186d70]
Event: 32.714 Thread 0x000002647e08c9a0 12087       3       org.gradle.internal.operations.DefaultBuildOperationRunner::execute (147 bytes)

GC Heap History (20 events):
Event: 25.109 GC heap after
{Heap after GC invocations=33 (full 0):
 garbage-first heap   total 111616K, used 75028K [0x0000000080000000, 0x0000000100000000)
  region size 1024K, 2 young (2048K), 2 survivors (2048K)
 Metaspace       used 86088K, committed 87936K, reserved 1179648K
  class space    used 11500K, committed 12416K, reserved 1048576K
}
Event: 25.822 GC heap before
{Heap before GC invocations=33 (full 0):
 garbage-first heap   total 111616K, used 101652K [0x0000000080000000, 0x0000000100000000)
  region size 1024K, 28 young (28672K), 2 survivors (2048K)
 Metaspace       used 88085K, committed 89920K, reserved 1179648K
  class space    used 11736K, committed 12672K, reserved 1048576K
}
Event: 25.826 GC heap after
{Heap after GC invocations=34 (full 0):
 garbage-first heap   total 111616K, used 76240K [0x0000000080000000, 0x0000000100000000)
  region size 1024K, 4 young (4096K), 4 survivors (4096K)
 Metaspace       used 88085K, committed 89920K, reserved 1179648K
  class space    used 11736K, committed 12672K, reserved 1048576K
}
Event: 26.377 GC heap before
{Heap before GC invocations=35 (full 0):
 garbage-first heap   total 128000K, used 97744K [0x0000000080000000, 0x0000000100000000)
  region size 1024K, 26 young (26624K), 4 survivors (4096K)
 Metaspace       used 89062K, committed 90880K, reserved 1179648K
  class space    used 11880K, committed 12800K, reserved 1048576K
}
Event: 26.384 GC heap after
{Heap after GC invocations=36 (full 0):
 garbage-first heap   total 128000K, used 78610K [0x0000000080000000, 0x0000000100000000)
  region size 1024K, 4 young (4096K), 4 survivors (4096K)
 Metaspace       used 89062K, committed 90880K, reserved 1179648K
  class space    used 11880K, committed 12800K, reserved 1048576K
}
Event: 27.112 GC heap before
{Heap before GC invocations=36 (full 0):
 garbage-first heap   total 128000K, used 115474K [0x0000000080000000, 0x0000000100000000)
  region size 1024K, 40 young (40960K), 4 survivors (4096K)
 Metaspace       used 91939K, committed 93824K, reserved 1179648K
  class space    used 12263K, committed 13248K, reserved 1048576K
}
Event: 27.119 GC heap after
{Heap after GC invocations=37 (full 0):
 garbage-first heap   total 128000K, used 78844K [0x0000000080000000, 0x0000000100000000)
  region size 1024K, 2 young (2048K), 2 survivors (2048K)
 Metaspace       used 91939K, committed 93824K, reserved 1179648K
  class space    used 12263K, committed 13248K, reserved 1048576K
}
Event: 27.307 GC heap before
{Heap before GC invocations=37 (full 0):
 garbage-first heap   total 128000K, used 83964K [0x0000000080000000, 0x0000000100000000)
  region size 1024K, 8 young (8192K), 2 survivors (2048K)
 Metaspace       used 92367K, committed 94208K, reserved 1179648K
  class space    used 12314K, committed 13248K, reserved 1048576K
}
Event: 27.312 GC heap after
{Heap after GC invocations=38 (full 0):
 garbage-first heap   total 128000K, used 79240K [0x0000000080000000, 0x0000000100000000)
  region size 1024K, 2 young (2048K), 2 survivors (2048K)
 Metaspace       used 92367K, committed 94208K, reserved 1179648K
  class space    used 12314K, committed 13248K, reserved 1048576K
}
Event: 28.186 GC heap before
{Heap before GC invocations=39 (full 0):
 garbage-first heap   total 135168K, used 118152K [0x0000000080000000, 0x0000000100000000)
  region size 1024K, 39 young (39936K), 2 survivors (2048K)
 Metaspace       used 95413K, committed 97344K, reserved 1179648K
  class space    used 12858K, committed 13824K, reserved 1048576K
}
Event: 28.190 GC heap after
{Heap after GC invocations=40 (full 0):
 garbage-first heap   total 135168K, used 80035K [0x0000000080000000, 0x0000000100000000)
  region size 1024K, 3 young (3072K), 3 survivors (3072K)
 Metaspace       used 95413K, committed 97344K, reserved 1179648K
  class space    used 12858K, committed 13824K, reserved 1048576K
}
Event: 28.948 GC heap before
{Heap before GC invocations=40 (full 0):
 garbage-first heap   total 135168K, used 123043K [0x0000000080000000, 0x0000000100000000)
  region size 1024K, 45 young (46080K), 3 survivors (3072K)
 Metaspace       used 98762K, committed 100736K, reserved 1179648K
  class space    used 13359K, committed 14336K, reserved 1048576K
}
Event: 28.954 GC heap after
{Heap after GC invocations=41 (full 0):
 garbage-first heap   total 135168K, used 80000K [0x0000000080000000, 0x0000000100000000)
  region size 1024K, 5 young (5120K), 5 survivors (5120K)
 Metaspace       used 98762K, committed 100736K, reserved 1179648K
  class space    used 13359K, committed 14336K, reserved 1048576K
}
Event: 29.928 GC heap before
{Heap before GC invocations=41 (full 0):
 garbage-first heap   total 135168K, used 120960K [0x0000000080000000, 0x0000000100000000)
  region size 1024K, 45 young (46080K), 5 survivors (5120K)
 Metaspace       used 102166K, committed 104128K, reserved 1179648K
  class space    used 13853K, committed 14848K, reserved 1048576K
}
Event: 29.935 GC heap after
{Heap after GC invocations=42 (full 0):
 garbage-first heap   total 135168K, used 82515K [0x0000000080000000, 0x0000000100000000)
  region size 1024K, 5 young (5120K), 5 survivors (5120K)
 Metaspace       used 102166K, committed 104128K, reserved 1179648K
  class space    used 13853K, committed 14848K, reserved 1048576K
}
Event: 30.824 GC heap before
{Heap before GC invocations=43 (full 0):
 garbage-first heap   total 138240K, used 121427K [0x0000000080000000, 0x0000000100000000)
  region size 1024K, 43 young (44032K), 5 survivors (5120K)
 Metaspace       used 105671K, committed 107712K, reserved 1179648K
  class space    used 14375K, committed 15424K, reserved 1048576K
}
Event: 30.832 GC heap after
{Heap after GC invocations=44 (full 0):
 garbage-first heap   total 138240K, used 84726K [0x0000000080000000, 0x0000000100000000)
  region size 1024K, 5 young (5120K), 5 survivors (5120K)
 Metaspace       used 105671K, committed 107712K, reserved 1179648K
  class space    used 14375K, committed 15424K, reserved 1048576K
}
Event: 31.614 GC heap before
{Heap before GC invocations=44 (full 0):
 garbage-first heap   total 138240K, used 127734K [0x0000000080000000, 0x0000000100000000)
  region size 1024K, 43 young (44032K), 5 survivors (5120K)
 Metaspace       used 108113K, committed 110208K, reserved 1179648K
  class space    used 14624K, committed 15680K, reserved 1048576K
}
Event: 31.625 GC heap after
{Heap after GC invocations=45 (full 0):
 garbage-first heap   total 141312K, used 89697K [0x0000000080000000, 0x0000000100000000)
  region size 1024K, 6 young (6144K), 6 survivors (6144K)
 Metaspace       used 108113K, committed 110208K, reserved 1179648K
  class space    used 14624K, committed 15680K, reserved 1048576K
}
Event: 32.715 GC heap before
{Heap before GC invocations=45 (full 0):
 garbage-first heap   total 141312K, used 126561K [0x0000000080000000, 0x0000000100000000)
  region size 1024K, 42 young (43008K), 6 survivors (6144K)
 Metaspace       used 111117K, committed 113216K, reserved 1179648K
  class space    used 14955K, committed 16000K, reserved 1048576K
}

Dll operation events (3 events):
Event: 0.030 Loaded shared library C:\Program Files\Android\Android Studio\jbr\bin\java.dll
Event: 0.060 Loaded shared library C:\Program Files\Android\Android Studio\jbr\bin\zip.dll
Event: 1.093 Loaded shared library C:\Program Files\Android\Android Studio\jbr\bin\verify.dll

Deoptimization events (20 events):
Event: 32.613 Thread 0x0000026401229280 DEOPT PACKING pc=0x0000026465ed44bf sp=0x000000f652efd8a0
Event: 32.613 Thread 0x0000026401229280 DEOPT UNPACKING pc=0x000002646c4288e2 sp=0x000000f652efcd78 mode 0
Event: 32.632 Thread 0x0000026401226490 Uncommon trap: trap_request=0xffffff76 fr.pc=0x000002646ce80e84 relative=0x0000000000000f64
Event: 32.632 Thread 0x0000026401226490 Uncommon trap: reason=predicate action=maybe_recompile pc=0x000002646ce80e84 method=com.google.common.collect.RegularImmutableMap.fromEntryArrayCheckingBucketOverflow(I[Ljava/util/Map$Entry;Z)Lcom/google/common/collect/ImmutableMap; @ 50 c2
Event: 32.632 Thread 0x0000026401226490 DEOPT PACKING pc=0x000002646ce80e84 sp=0x000000f652bfcf80
Event: 32.632 Thread 0x0000026401226490 DEOPT UNPACKING pc=0x000002646c427da2 sp=0x000000f652bfce50 mode 2
Event: 32.636 Thread 0x000002640122a630 DEOPT PACKING pc=0x0000026465ed44bf sp=0x000000f6530fc1b0
Event: 32.636 Thread 0x000002640122a630 DEOPT UNPACKING pc=0x000002646c4288e2 sp=0x000000f6530fb688 mode 0
Event: 32.658 Thread 0x0000026401227ed0 DEOPT PACKING pc=0x0000026465ed44bf sp=0x000000f652cfc400
Event: 32.658 Thread 0x0000026401227ed0 DEOPT UNPACKING pc=0x000002646c4288e2 sp=0x000000f652cfb8d8 mode 0
Event: 32.677 Thread 0x0000026402ee4bc0 DEOPT PACKING pc=0x0000026465ed44bf sp=0x000000f6523f9220
Event: 32.677 Thread 0x0000026402ee4bc0 DEOPT UNPACKING pc=0x000002646c4288e2 sp=0x000000f6523f86f8 mode 0
Event: 32.688 Thread 0x000002640122a630 DEOPT PACKING pc=0x0000026465ed44bf sp=0x000000f6530fc1e0
Event: 32.688 Thread 0x000002640122a630 DEOPT UNPACKING pc=0x000002646c4288e2 sp=0x000000f6530fb6b8 mode 0
Event: 32.699 Thread 0x0000026401226490 Uncommon trap: trap_request=0xffffff45 fr.pc=0x000002646cab3790 relative=0x0000000000000170
Event: 32.699 Thread 0x0000026401226490 Uncommon trap: reason=unstable_if action=reinterpret pc=0x000002646cab3790 method=java.util.concurrent.locks.ReentrantLock$Sync.tryLock()Z @ 34 c2
Event: 32.699 Thread 0x0000026401226490 DEOPT PACKING pc=0x000002646cab3790 sp=0x000000f652bfe6b0
Event: 32.699 Thread 0x0000026401226490 DEOPT UNPACKING pc=0x000002646c427da2 sp=0x000000f652bfe650 mode 2
Event: 32.704 Thread 0x0000026402ee4bc0 DEOPT PACKING pc=0x0000026465ed44bf sp=0x000000f6523f9250
Event: 32.704 Thread 0x0000026402ee4bc0 DEOPT UNPACKING pc=0x000002646c4288e2 sp=0x000000f6523f8728 mode 0

Classes loaded (20 events):
Event: 31.655 Loading class sun/nio/ch/ChannelOutputStream
Event: 31.655 Loading class sun/nio/ch/ChannelOutputStream done
Event: 31.660 Loading class java/util/concurrent/ConcurrentLinkedQueue$Itr
Event: 31.660 Loading class java/util/concurrent/ConcurrentLinkedQueue$Itr done
Event: 31.787 Loading class java/lang/management/RuntimeMXBean
Event: 31.787 Loading class java/lang/management/RuntimeMXBean done
Event: 31.788 Loading class sun/management/RuntimeImpl
Event: 31.788 Loading class sun/management/RuntimeImpl done
Event: 32.036 Loading class java/time/Clock
Event: 32.037 Loading class java/time/InstantSource
Event: 32.037 Loading class java/time/InstantSource done
Event: 32.037 Loading class java/time/Clock done
Event: 32.038 Loading class java/time/Clock$SystemClock
Event: 32.038 Loading class java/time/Clock$SystemClock done
Event: 32.091 Loading class java/time/Instant$1
Event: 32.091 Loading class java/time/Instant$1 done
Event: 32.221 Loading class java/io/SequenceInputStream
Event: 32.221 Loading class java/io/SequenceInputStream done
Event: 32.235 Loading class java/util/function/IntUnaryOperator
Event: 32.235 Loading class java/util/function/IntUnaryOperator done

Classes unloaded (0 events):
No events

Classes redefined (0 events):
No events

Internal exceptions (20 events):
Event: 31.653 Thread 0x00000264004abef0 Exception <a 'sun/nio/fs/WindowsException'{0x00000000ffa09d00}> (0x00000000ffa09d00) 
thrown [s\src\hotspot\share\prims\jni.cpp, line 535]
Event: 31.657 Thread 0x00000264004abef0 Exception <a 'java/lang/NoSuchMethodError'{0x00000000ffa158e8}: 'void java.lang.invoke.DirectMethodHandle$Holder.invokeStatic(java.lang.Object, java.lang.Object, int, long)'> (0x00000000ffa158e8) 
thrown [s\src\hotspot\share\interpreter\linkResolver.cpp, line 784]
Event: 31.659 Thread 0x00000264004abef0 Exception <a 'java/lang/NoSuchMethodError'{0x00000000ffa21448}: 'java.lang.Object java.lang.invoke.DirectMethodHandle$Holder.invokeSpecial(java.lang.Object, java.lang.Object, java.lang.Object, int, long)'> (0x00000000ffa21448) 
thrown [s\src\hotspot\share\interpreter\linkResolver.cpp, line 784]
Event: 31.665 Thread 0x00000264004abef0 Exception <a 'java/lang/NoSuchMethodError'{0x00000000ffa5a178}: 'void java.lang.invoke.DirectMethodHandle$Holder.invokeSpecial(java.lang.Object, java.lang.Object, java.lang.Object, java.lang.Object, int, java.lang.Object, java.lang.Object)'> (0x00000000ffa5a178) 
thrown [s\src\hotspot\share\interpreter\linkResolver.cpp, line 784]
Event: 31.808 Thread 0x0000026402ee0a20 Exception <a 'java/lang/NoSuchMethodError'{0x0000000087db1a48}: 'java.lang.Object java.lang.invoke.DirectMethodHandle$Holder.newInvokeSpecial(java.lang.Object, java.lang.Object, int, java.lang.Object, java.lang.Object)'> (0x0000000087db1a48) 
thrown [s\src\hotspot\share\interpreter\linkResolver.cpp, line 784]
Event: 31.983 Thread 0x0000026402ee4bc0 Exception <a 'java/lang/NoSuchMethodError'{0x0000000087931428}: 'java.lang.Object java.lang.invoke.DirectMethodHandle$Holder.invokeVirtual(java.lang.Object, java.lang.Object, java.lang.Object, java.lang.Object, java.lang.Object, java.lang.Object, java.lang.Object, java.lang.Object, java.lang.Object, java.lang.Object, java.lang.Object, java.lang.Object, java.lang.Object, java.lang.Object, java.lang.Object, java.lang.Object, java.lang.Object, java.lang.Object, java.lang.Object)'> (0x0000000087931428) 
thrown
Event: 31.996 Thread 0x00000264004ac580 Exception <a 'java/lang/NoSuchMethodError'{0x00000000878084d0}: static Lorg/gradle/internal/build/event/types/DefaultTaskStartedProgressEvent;.<clinit>()V> (0x00000000878084d0) 
thrown [s\src\hotspot\share\prims\jni.cpp, line 1135]
Event: 31.998 Thread 0x00000264004ac580 Exception <a 'java/lang/NoSuchMethodError'{0x00000000878139f0}: static Lorg/gradle/internal/build/event/types/DefaultTaskDescriptor;.<clinit>()V> (0x00000000878139f0) 
thrown [s\src\hotspot\share\prims\jni.cpp, line 1135]
Event: 32.006 Thread 0x00000264004ac580 Exception <a 'java/lang/NoSuchMethodError'{0x0000000087869d28}: static Lorg/gradle/internal/build/event/types/DefaultTaskFinishedProgressEvent;.<clinit>()V> (0x0000000087869d28) 
thrown [s\src\hotspot\share\prims\jni.cpp, line 1135]
Event: 32.009 Thread 0x00000264004ac580 Exception <a 'java/lang/NoSuchMethodError'{0x00000000878b2908}: static Lorg/gradle/internal/build/event/types/DefaultTaskSuccessResult;.<clinit>()V> (0x00000000878b2908) 
thrown [s\src\hotspot\share\prims\jni.cpp, line 1135]
Event: 32.009 Thread 0x00000264004ac580 Exception <a 'java/lang/NoSuchMethodError'{0x00000000878b4060}: static Lorg/gradle/internal/build/event/types/AbstractTaskResult;.<clinit>()V> (0x00000000878b4060) 
thrown [s\src\hotspot\share\prims\jni.cpp, line 1135]
Event: 32.037 Thread 0x0000026402ee2af0 Exception <a 'java/lang/NoSuchMethodError'{0x000000008785fc20}: static Lcom/android/buildanalyzer/common/AndroidGradlePluginAttributionData$BuildInfo;.<clinit>()V> (0x000000008785fc20) 
thrown [s\src\hotspot\share\prims\jni.cpp, line 1135]
Event: 32.040 Thread 0x0000026402ee2af0 Exception <a 'java/lang/NoSuchMethodError'{0x0000000087617660}: static Lcom/android/buildanalyzer/common/AndroidGradlePluginAttributionData$JavaInfo;.<clinit>()V> (0x0000000087617660) 
thrown [s\src\hotspot\share\prims\jni.cpp, line 1135]
Event: 32.050 Thread 0x0000026402ee2af0 Exception <a 'java/lang/NoSuchMethodError'{0x00000000876d01b0}: static [Ljava/lang/String;.<clinit>()V> (0x00000000876d01b0) 
thrown [s\src\hotspot\share\prims\jni.cpp, line 1135]
Event: 32.051 Thread 0x0000026402ee2af0 Exception <a 'java/lang/NoSuchMethodError'{0x00000000876dc330}: static Lcom/android/buildanalyzer/common/AndroidGradlePluginAttributionData$TaskInfo;.<clinit>()V> (0x00000000876dc330) 
thrown [s\src\hotspot\share\prims\jni.cpp, line 1135]
Event: 32.053 Thread 0x0000026402ee2af0 Exception <a 'java/lang/NoSuchMethodError'{0x00000000876e9980}: static Lcom/android/buildanalyzer/common/AndroidGradlePluginAttributionData$TaskCategoryInfo;.<clinit>()V> (0x00000000876e9980) 
thrown [s\src\hotspot\share\prims\jni.cpp, line 1135]
Event: 32.102 Thread 0x0000026402ee4bc0 Exception <a 'sun/nio/fs/WindowsException'{0x00000000876f4fe0}> (0x00000000876f4fe0) 
thrown [s\src\hotspot\share\prims\jni.cpp, line 535]
Event: 32.131 Thread 0x00000264004ac580 Exception <a 'java/lang/NoSuchMethodError'{0x0000000087306150}: static Lorg/gradle/internal/build/event/types/DefaultTaskSkippedResult;.<clinit>()V> (0x0000000087306150) 
thrown [s\src\hotspot\share\prims\jni.cpp, line 1135]
Event: 32.152 Thread 0x0000026402ee4bc0 Exception <a 'java/lang/IncompatibleClassChangeError'{0x0000000087361be0}: Found class java.lang.Object, but interface was expected> (0x0000000087361be0) 
thrown [s\src\hotspot\share\interpreter\linkResolver.cpp, line 851]
Event: 32.235 Thread 0x0000026402ee4bc0 Exception <a 'java/lang/NoSuchMethodError'{0x00000000871460c8}: 'int java.lang.invoke.DirectMethodHandle$Holder.invokeSpecial(java.lang.Object, java.lang.Object, int)'> (0x00000000871460c8) 
thrown [s\src\hotspot\share\interpreter\linkResolver.cpp, line 784]

ZGC Phase Switch (0 events):
No events

VM Operations (20 events):
Event: 32.003 Executing VM operation: HandshakeAllThreads (Deoptimize) done
Event: 32.025 Executing VM operation: HandshakeAllThreads (Deoptimize)
Event: 32.025 Executing VM operation: HandshakeAllThreads (Deoptimize) done
Event: 32.046 Executing VM operation: HandshakeAllThreads (Deoptimize)
Event: 32.046 Executing VM operation: HandshakeAllThreads (Deoptimize) done
Event: 32.109 Executing VM operation: HandshakeAllThreads (Deoptimize)
Event: 32.109 Executing VM operation: HandshakeAllThreads (Deoptimize) done
Event: 32.111 Executing VM operation: HandshakeAllThreads (Deoptimize)
Event: 32.111 Executing VM operation: HandshakeAllThreads (Deoptimize) done
Event: 32.115 Executing VM operation: HandshakeAllThreads (Deoptimize)
Event: 32.115 Executing VM operation: HandshakeAllThreads (Deoptimize) done
Event: 32.126 Executing VM operation: HandshakeAllThreads (Deoptimize)
Event: 32.126 Executing VM operation: HandshakeAllThreads (Deoptimize) done
Event: 32.161 Executing VM operation: ICBufferFull
Event: 32.161 Executing VM operation: ICBufferFull done
Event: 32.552 Executing VM operation: HandshakeAllThreads (Deoptimize)
Event: 32.552 Executing VM operation: HandshakeAllThreads (Deoptimize) done
Event: 32.613 Executing VM operation: ICBufferFull
Event: 32.613 Executing VM operation: ICBufferFull done
Event: 32.715 Executing VM operation: G1CollectForAllocation (G1 Evacuation Pause)

Memory protections (0 events):
No events

Nmethod flushes (20 events):
Event: 30.034 Thread 0x000002647e010370 flushing  nmethod 0x0000026465503d90
Event: 30.034 Thread 0x000002647e010370 flushing  nmethod 0x00000264656d6290
Event: 30.034 Thread 0x000002647e010370 flushing  nmethod 0x00000264656d7490
Event: 30.034 Thread 0x000002647e010370 flushing  nmethod 0x00000264656dd510
Event: 30.034 Thread 0x000002647e010370 flushing  nmethod 0x00000264656de010
Event: 30.034 Thread 0x000002647e010370 flushing  nmethod 0x00000264658f0290
Event: 30.034 Thread 0x000002647e010370 flushing  nmethod 0x00000264658f0d10
Event: 30.034 Thread 0x000002647e010370 flushing  nmethod 0x00000264658f1690
Event: 30.034 Thread 0x000002647e010370 flushing osr nmethod 0x000002646cacee10
Event: 30.034 Thread 0x000002647e010370 flushing  nmethod 0x0000026464f1b910
Event: 30.034 Thread 0x000002647e010370 flushing  nmethod 0x0000026464f75110
Event: 30.034 Thread 0x000002647e010370 flushing  nmethod 0x0000026464fec490
Event: 30.034 Thread 0x000002647e010370 flushing  nmethod 0x000002646504ff10
Event: 30.034 Thread 0x000002647e010370 flushing  nmethod 0x00000264652fc110
Event: 30.034 Thread 0x000002647e010370 flushing  nmethod 0x0000026465507210
Event: 30.034 Thread 0x000002647e010370 flushing  nmethod 0x0000026465620d10
Event: 30.034 Thread 0x000002647e010370 flushing  nmethod 0x0000026465782c90
Event: 30.034 Thread 0x000002647e010370 flushing  nmethod 0x0000026465786c10
Event: 30.034 Thread 0x000002647e010370 flushing  nmethod 0x0000026465787010
Event: 30.034 Thread 0x000002647e010370 flushing  nmethod 0x00000264657d2e90

Events (20 events):
Event: 24.243 Thread 0x00000264004abef0 Thread added: 0x0000026402edf670
Event: 26.632 Thread 0x0000026401da0850 Thread exited: 0x0000026401da0850
Event: 31.660 Thread 0x00000264004abef0 Thread added: 0x0000026402ee0390
Event: 31.661 Thread 0x00000264004abef0 Thread added: 0x0000026402ee2460
Event: 31.799 Thread 0x00000264004abef0 Thread added: 0x0000026402ee0a20
Event: 31.811 Thread 0x0000026402ee0a20 Thread added: 0x0000026402ee4bc0
Event: 31.812 Thread 0x0000026402ee0a20 Thread added: 0x0000026401d68810
Event: 31.812 Thread 0x0000026402ee0a20 Thread added: 0x0000026401226b20
Event: 31.812 Thread 0x0000026402ee0a20 Thread added: 0x0000026401228560
Event: 31.812 Thread 0x0000026402ee0a20 Thread added: 0x0000026401225770
Event: 31.812 Thread 0x0000026402ee0a20 Thread added: 0x0000026401225e00
Event: 31.812 Thread 0x0000026402ee0a20 Thread added: 0x0000026401227840
Event: 31.849 Thread 0x0000026402ee4bc0 Thread added: 0x00000264012271b0
Event: 32.607 Thread 0x0000026402ee4bc0 Thread added: 0x0000026401226490
Event: 32.608 Thread 0x0000026402ee4bc0 Thread added: 0x0000026401227ed0
Event: 32.608 Thread 0x0000026402ee4bc0 Thread added: 0x0000026401228bf0
Event: 32.608 Thread 0x0000026402ee4bc0 Thread added: 0x0000026401229280
Event: 32.608 Thread 0x0000026402ee4bc0 Thread added: 0x0000026401229fa0
Event: 32.608 Thread 0x0000026402ee4bc0 Thread added: 0x000002640122a630
Event: 32.609 Thread 0x0000026402ee4bc0 Thread added: 0x000002640122acc0


Dynamic libraries:
0x00007ff7ed540000 - 0x00007ff7ed54a000 	C:\Program Files\Android\Android Studio\jbr\bin\java.exe
0x00007ffc344d0000 - 0x00007ffc346e7000 	C:\WINDOWS\SYSTEM32\ntdll.dll
0x00007ffc32a90000 - 0x00007ffc32b54000 	C:\WINDOWS\System32\KERNEL32.DLL
0x00007ffc31a40000 - 0x00007ffc31e11000 	C:\WINDOWS\System32\KERNELBASE.dll
0x00007ffc31800000 - 0x00007ffc31911000 	C:\WINDOWS\System32\ucrtbase.dll
0x00007ffc29730000 - 0x00007ffc2974b000 	C:\Program Files\Android\Android Studio\jbr\bin\VCRUNTIME140.dll
0x00007ffc15be0000 - 0x00007ffc15bf8000 	C:\Program Files\Android\Android Studio\jbr\bin\jli.dll
0x00007ffc32530000 - 0x00007ffc326e1000 	C:\WINDOWS\System32\USER32.dll
0x00007ffc1dc50000 - 0x00007ffc1dee2000 	C:\WINDOWS\WinSxS\amd64_microsoft.windows.common-controls_6595b64144ccf1df_6.0.22621.4830_none_270fe7d773858e80\COMCTL32.dll
0x00007ffc31e20000 - 0x00007ffc31e46000 	C:\WINDOWS\System32\win32u.dll
0x00007ffc343b0000 - 0x00007ffc34457000 	C:\WINDOWS\System32\msvcrt.dll
0x00007ffc34460000 - 0x00007ffc34489000 	C:\WINDOWS\System32\GDI32.dll
0x00007ffc31920000 - 0x00007ffc31a3b000 	C:\WINDOWS\System32\gdi32full.dll
0x00007ffc31f00000 - 0x00007ffc31f9a000 	C:\WINDOWS\System32\msvcp_win.dll
0x00007ffc33580000 - 0x00007ffc335b1000 	C:\WINDOWS\System32\IMM32.DLL
0x00007ffc2c510000 - 0x00007ffc2c51c000 	C:\Program Files\Android\Android Studio\jbr\bin\vcruntime140_1.dll
0x00007ffbe3a90000 - 0x00007ffbe3b1d000 	C:\Program Files\Android\Android Studio\jbr\bin\msvcp140.dll
0x00007ffbb71c0000 - 0x00007ffbb7e43000 	C:\Program Files\Android\Android Studio\jbr\bin\server\jvm.dll
0x00007ffc32950000 - 0x00007ffc32a01000 	C:\WINDOWS\System32\ADVAPI32.dll
0x00007ffc34000000 - 0x00007ffc340a7000 	C:\WINDOWS\System32\sechost.dll
0x00007ffc31e50000 - 0x00007ffc31e78000 	C:\WINDOWS\System32\bcrypt.dll
0x00007ffc340b0000 - 0x00007ffc341c4000 	C:\WINDOWS\System32\RPCRT4.dll
0x00007ffc32f50000 - 0x00007ffc32fc1000 	C:\WINDOWS\System32\WS2_32.dll
0x00007ffc30480000 - 0x00007ffc304cd000 	C:\WINDOWS\SYSTEM32\POWRPROF.dll
0x00007ffc2c390000 - 0x00007ffc2c3c4000 	C:\WINDOWS\SYSTEM32\WINMM.dll
0x00007ffc2c330000 - 0x00007ffc2c33a000 	C:\WINDOWS\SYSTEM32\VERSION.dll
0x00007ffc30460000 - 0x00007ffc30473000 	C:\WINDOWS\SYSTEM32\UMPDC.dll
0x00007ffc30710000 - 0x00007ffc30728000 	C:\WINDOWS\SYSTEM32\kernel.appcore.dll
0x00007ffc2a230000 - 0x00007ffc2a23a000 	C:\Program Files\Android\Android Studio\jbr\bin\jimage.dll
0x00007ffc2ec70000 - 0x00007ffc2eea2000 	C:\WINDOWS\SYSTEM32\DBGHELP.DLL
0x00007ffc32bc0000 - 0x00007ffc32f50000 	C:\WINDOWS\System32\combase.dll
0x00007ffc32870000 - 0x00007ffc32947000 	C:\WINDOWS\System32\OLEAUT32.dll
0x00007ffc051f0000 - 0x00007ffc05222000 	C:\WINDOWS\SYSTEM32\dbgcore.DLL
0x00007ffc31e80000 - 0x00007ffc31efb000 	C:\WINDOWS\System32\bcryptPrimitives.dll
0x00007ffc16e40000 - 0x00007ffc16e4e000 	C:\Program Files\Android\Android Studio\jbr\bin\instrument.dll
0x00007ffc29670000 - 0x00007ffc29690000 	C:\Program Files\Android\Android Studio\jbr\bin\java.dll
0x00007ffc1e450000 - 0x00007ffc1e468000 	C:\Program Files\Android\Android Studio\jbr\bin\zip.dll
0x00007ffc335c0000 - 0x00007ffc33e48000 	C:\WINDOWS\System32\SHELL32.dll
0x00007ffc32060000 - 0x00007ffc3219f000 	C:\WINDOWS\System32\wintypes.dll
0x00007ffc2f520000 - 0x00007ffc2fe2d000 	C:\WINDOWS\SYSTEM32\windows.storage.dll
0x00007ffc341d0000 - 0x00007ffc342da000 	C:\WINDOWS\System32\SHCORE.dll
0x00007ffc32370000 - 0x00007ffc323ce000 	C:\WINDOWS\System32\shlwapi.dll
0x00007ffc31540000 - 0x00007ffc3156b000 	C:\WINDOWS\SYSTEM32\profapi.dll
0x00007ffc1e3b0000 - 0x00007ffc1e3c0000 	C:\Program Files\Android\Android Studio\jbr\bin\net.dll
0x00007ffc2b780000 - 0x00007ffc2b8ac000 	C:\WINDOWS\SYSTEM32\WINHTTP.dll
0x00007ffc30b80000 - 0x00007ffc30bea000 	C:\WINDOWS\system32\mswsock.dll
0x00007ffc1a6d0000 - 0x00007ffc1a6e6000 	C:\Program Files\Android\Android Studio\jbr\bin\nio.dll
0x00007ffc1a160000 - 0x00007ffc1a170000 	C:\Program Files\Android\Android Studio\jbr\bin\verify.dll
0x00007ffc0de70000 - 0x00007ffc0de97000 	C:\Users\Hilzam\.gradle\native\c067742578af261105cb4f569cf0c3c89f3d7b1fecec35dd04571415982c5e48\windows-amd64\native-platform.dll
0x00007ffbe0ce0000 - 0x00007ffbe0e24000 	C:\Users\Hilzam\.gradle\native\100fb08df4bc3b14c8652ba06237920a3bd2aa13389f12d3474272988ae205f9\windows-amd64\native-platform-file-events.dll
0x00007ffc1a5b0000 - 0x00007ffc1a5b9000 	C:\Program Files\Android\Android Studio\jbr\bin\management.dll
0x00007ffc1a470000 - 0x00007ffc1a47b000 	C:\Program Files\Android\Android Studio\jbr\bin\management_ext.dll
0x00007ffc321a0000 - 0x00007ffc321a8000 	C:\WINDOWS\System32\PSAPI.DLL
0x00007ffc30dc0000 - 0x00007ffc30ddb000 	C:\WINDOWS\SYSTEM32\CRYPTSP.dll
0x00007ffc30670000 - 0x00007ffc306a7000 	C:\WINDOWS\system32\rsaenh.dll
0x00007ffc30c40000 - 0x00007ffc30c68000 	C:\WINDOWS\SYSTEM32\USERENV.dll
0x00007ffc30db0000 - 0x00007ffc30dbc000 	C:\WINDOWS\SYSTEM32\CRYPTBASE.dll
0x00007ffc30090000 - 0x00007ffc300bd000 	C:\WINDOWS\SYSTEM32\IPHLPAPI.DLL
0x00007ffc330f0000 - 0x00007ffc330f9000 	C:\WINDOWS\System32\NSI.dll
0x00007ffc1a860000 - 0x00007ffc1a869000 	C:\Program Files\Android\Android Studio\jbr\bin\extnet.dll
0x00007ffc1e380000 - 0x00007ffc1e388000 	C:\WINDOWS\system32\wshunix.dll
0x00007ffc30100000 - 0x00007ffc30202000 	C:\WINDOWS\SYSTEM32\DNSAPI.dll
0x00007ffc28e30000 - 0x00007ffc28e3a000 	C:\Windows\System32\rasadhlp.dll
0x00007ffc293c0000 - 0x00007ffc29443000 	C:\WINDOWS\System32\fwpuclnt.dll

dbghelp: loaded successfully - version: 4.0.5 - missing functions: none
symbol engine: initialized successfully - sym options: 0x614 - pdb path: .;C:\Program Files\Android\Android Studio\jbr\bin;C:\WINDOWS\SYSTEM32;C:\WINDOWS\WinSxS\amd64_microsoft.windows.common-controls_6595b64144ccf1df_6.0.22621.4830_none_270fe7d773858e80;C:\Program Files\Android\Android Studio\jbr\bin\server;C:\Users\Hilzam\.gradle\native\c067742578af261105cb4f569cf0c3c89f3d7b1fecec35dd04571415982c5e48\windows-amd64;C:\Users\Hilzam\.gradle\native\100fb08df4bc3b14c8652ba06237920a3bd2aa13389f12d3474272988ae205f9\windows-amd64

VM Arguments:
jvm_args: --add-opens=java.base/java.util=ALL-UNNAMED --add-opens=java.base/java.lang=ALL-UNNAMED --add-opens=java.base/java.lang.invoke=ALL-UNNAMED --add-opens=java.prefs/java.util.prefs=ALL-UNNAMED --add-exports=jdk.compiler/com.sun.tools.javac.api=ALL-UNNAMED --add-exports=jdk.compiler/com.sun.tools.javac.util=ALL-UNNAMED --add-opens=java.base/java.nio.charset=ALL-UNNAMED --add-opens=java.base/java.net=ALL-UNNAMED --add-opens=java.base/java.util.concurrent.atomic=ALL-UNNAMED -Xmx2048m -Dfile.encoding=UTF-8 -Duser.country=US -Duser.language=en -Duser.variant -javaagent:C:\Users\Hilzam\.gradle\wrapper\dists\gradle-8.10.2-bin\a04bxjujx95o3nb99gddekhwo\gradle-8.10.2\lib\agents\gradle-instrumentation-agent-8.10.2.jar 
java_command: org.gradle.launcher.daemon.bootstrap.GradleDaemon 8.10.2
java_class_path (initial): C:\Users\Hilzam\.gradle\wrapper\dists\gradle-8.10.2-bin\a04bxjujx95o3nb99gddekhwo\gradle-8.10.2\lib\gradle-daemon-main-8.10.2.jar
Launcher Type: SUN_STANDARD

[Global flags]
     intx CICompilerCount                          = 4                                         {product} {ergonomic}
     uint ConcGCThreads                            = 2                                         {product} {ergonomic}
     uint G1ConcRefinementThreads                  = 8                                         {product} {ergonomic}
   size_t G1HeapRegionSize                         = 1048576                                   {product} {ergonomic}
    uintx GCDrainStackTargetSize                   = 64                                        {product} {ergonomic}
   size_t InitialHeapSize                          = 130023424                                 {product} {ergonomic}
   size_t MarkStackSize                            = 4194304                                   {product} {ergonomic}
   size_t MaxHeapSize                              = 2147483648                                {product} {command line}
   size_t MaxNewSize                               = 1287651328                                {product} {ergonomic}
   size_t MinHeapDeltaBytes                        = 1048576                                   {product} {ergonomic}
   size_t MinHeapSize                              = 8388608                                   {product} {ergonomic}
    uintx NonNMethodCodeHeapSize                   = 5839372                                {pd product} {ergonomic}
    uintx NonProfiledCodeHeapSize                  = 122909434                              {pd product} {ergonomic}
     bool PerfDisableSharedMem                     = true                                      {product} {ergonomic}
    uintx ProfiledCodeHeapSize                     = 122909434                              {pd product} {ergonomic}
    uintx ReservedCodeCacheSize                    = 251658240                              {pd product} {ergonomic}
     bool SegmentedCodeCache                       = true                                      {product} {ergonomic}
   size_t SoftMaxHeapSize                          = 2147483648                             {manageable} {ergonomic}
     bool UseCompressedOops                        = true                           {product lp64_product} {ergonomic}
     bool UseG1GC                                  = true                                      {product} {ergonomic}
     bool UseLargePagesIndividualAllocation        = false                                  {pd product} {ergonomic}

Logging:
Log output configuration:
 #0: stdout all=warning uptime,level,tags foldmultilines=false
 #1: stderr all=off uptime,level,tags foldmultilines=false

Environment Variables:
PATH=C:\Program Files\Common Files\Oracle\Java\javapath;C:\Windows\system32;C:\Windows;C:\Windows\System32\Wbem;C:\Windows\System32\WindowsPowerShell\v1.0\;C:\Windows\System32\OpenSSH\;C:\Program Files (x86)\NVIDIA Corporation\PhysX\Common;C:\WINDOWS\system32;C:\WINDOWS;C:\WINDOWS\System32\Wbem;C:\WINDOWS\System32\WindowsPowerShell\v1.0\;C:\WINDOWS\System32\OpenSSH\;C:\Program Files\Git\cmd;C:\Program Files\PuTTY\;C:\ProgramData\chocolatey\bin;C:\Users\Hilzam\AppData\Roaming\nvm;C:\Program Files\nodejs;C:\Program Files (x86)\IBM\SPSS\Statistics\22\JRE\bin;C:\Program Files\dotnet\;C:\MinGW\bin;D:\laragon\bin\nodejs\node-v22.7.0-win-x64;D:\laragon\bin\nodejs\node-v22.7.0-win-x64\node_modules\npm\bin;D:\laragon\bin\php\php-8.3.10-nts-Win32-vs16-x64;C:\ProgramData\ComposerSetup\bin;D:\laragon\bin\composer;C:\Users\Hilzam\AppData\Local\Programs\Python\Python311\Scripts\;C:\Users\Hilzam\AppData\Local\Programs\Python\Python311\;C:\Users\Hilzam\AppData\Local\Microsoft\WindowsApps;C:\Users\Hilzam\AppData\Roaming\Composer\vendor\bin;C:\MinGW\bin;C:\Users\Hilzam\AppData\Local\GitHubDesktop\bin;C:\Users\Hilzam\AppData\Roaming\nvm;C:\Program Files\nodejs;C:\Program Files\JetBrains\PyCharm 2023.2.5\bin;;C:\Users\Hilzam\AppData\Local\Programs\Microsoft VS Code\bin;C:\Users\Hilzam\AppData\Local\spicetify
USERNAME=Hilzam
OS=Windows_NT
PROCESSOR_IDENTIFIER=Intel64 Family 6 Model 126 Stepping 5, GenuineIntel
TMP=C:\Users\Hilzam\AppData\Local\Temp
TEMP=C:\Users\Hilzam\AppData\Local\Temp




Periodic native trim disabled

JNI global refs:
JNI global refs: 30, weak refs: 7

JNI global refs memory usage: 835, weak refs: 833

Process memory usage:
Resident Set Size: 431836K (5% of 8120632K total physical memory with 273664K free physical memory)

OOME stack traces (most recent first):
Classloader memory used:
Loader org.gradle.internal.classloader.VisitableURLClassLoader                         : 39492K
Loader bootstrap                                                                       : 30756K
Loader org.gradle.internal.classloader.VisitableURLClassLoader$InstrumentingVisitableURLClassLoader: 26692K
Loader org.gradle.initialization.MixInLegacyTypesClassLoader                           : 12707K
Loader jdk.internal.loader.ClassLoaders$PlatformClassLoader                            : 800K
Loader jdk.internal.reflect.DelegatingClassLoader                                      : 271K
Loader jdk.internal.loader.ClassLoaders$AppClassLoader                                 : 234K
Loader org.gradle.internal.classloader.VisitableURLClassLoader                         : 162K

Classes loaded by more than one classloader:
Class Program                                                                         : loaded 5 times (x 68B)
Class Build_gradle                                                                    : loaded 3 times (x 126B)
Class Build_gradle$1                                                                  : loaded 3 times (x 70B)
Class org.gradle.internal.classloader.FilteringClassLoader                            : loaded 2 times (x 101B)
Class [Lcom.google.common.base.AbstractIterator$State;                                : loaded 2 times (x 65B)
Class com.google.common.base.CharMatcher$IsEither                                     : loaded 2 times (x 107B)
Class org.gradle.internal.classloader.ClassLoaderHierarchy                            : loaded 2 times (x 66B)
Class com.google.common.collect.ImmutableEnumSet                                      : loaded 2 times (x 142B)
Class com.google.common.util.concurrent.ExecutionError                                : loaded 2 times (x 78B)
Class com.google.common.collect.ImmutableList$1                                       : loaded 2 times (x 93B)
Class org.gradle.api.internal.classpath.ManifestUtil                                  : loaded 2 times (x 67B)
Class com.google.common.collect.RegularImmutableMap                                   : loaded 2 times (x 117B)
Class com.google.common.collect.ImmutableMap$MapViewOfValuesAsSingletonSets           : loaded 2 times (x 121B)
Class [Lorg.objectweb.asm.Symbol;                                                     : loaded 2 times (x 65B)
Class org.objectweb.asm.ClassVisitor                                                  : loaded 2 times (x 84B)
Class com.google.common.collect.UnmodifiableListIterator                              : loaded 2 times (x 91B)
Class com.google.common.base.Platform$JdkPatternCompiler                              : loaded 2 times (x 71B)
Class org.objectweb.asm.MethodTooLargeException                                       : loaded 2 times (x 79B)
Class [Lcom.google.common.cache.CacheBuilder$OneWeigher;                              : loaded 2 times (x 65B)
Class com.google.common.base.Suppliers                                                : loaded 2 times (x 67B)
Class org.gradle.internal.classloader.DefaultClassLoaderFactory                       : loaded 2 times (x 78B)
Class com.google.common.base.CharMatcher$None                                         : loaded 2 times (x 108B)
Class org.gradle.internal.classloader.ClassLoaderVisitor                              : loaded 2 times (x 72B)
Class [Lcom.google.common.collect.ImmutableMapEntry;                                  : loaded 2 times (x 65B)
Class org.gradle.api.internal.classpath.EffectiveClassPath                            : loaded 2 times (x 86B)
Class [Lorg.apache.commons.io.StandardLineSeparator;                                  : loaded 2 times (x 65B)
Class org.apache.commons.io.output.StringBuilderWriter                                : loaded 2 times (x 96B)
Class com.google.common.collect.ImmutableEnumMap                                      : loaded 2 times (x 121B)
Class com.google.common.collect.ListMultimap                                          : loaded 2 times (x 66B)
Class com.google.common.collect.Sets$1                                                : loaded 2 times (x 135B)
Class org.objectweb.asm.AnnotationVisitor                                             : loaded 2 times (x 74B)
Class com.google.common.base.Splitter                                                 : loaded 2 times (x 68B)
Class org.gradle.api.internal.DefaultClassPathProvider                                : loaded 2 times (x 72B)
Class com.google.common.collect.Sets$2                                                : loaded 2 times (x 135B)
Class [Lorg.gradle.api.internal.ClassPathProvider;                                    : loaded 2 times (x 65B)
Class org.gradle.api.internal.ClassPathProvider                                       : loaded 2 times (x 66B)
Class [Lorg.objectweb.asm.AnnotationVisitor;                                          : loaded 2 times (x 65B)
Class com.google.common.collect.Sets$3                                                : loaded 2 times (x 135B)
Class com.google.common.util.concurrent.AbstractFuture$SafeAtomicHelper               : loaded 2 times (x 75B)
Class com.google.common.cache.LocalCache$LocalLoadingCache                            : loaded 2 times (x 130B)
Class com.google.common.base.AbstractIterator$State                                   : loaded 2 times (x 75B)
Class org.gradle.internal.service.UnknownServiceException                             : loaded 2 times (x 79B)
Class com.google.common.collect.Sets$4                                                : loaded 2 times (x 135B)
Class org.objectweb.asm.ModuleVisitor                                                 : loaded 2 times (x 77B)
Class com.google.common.cache.LocalCache$Strength$1                                   : loaded 2 times (x 77B)
Class org.apache.commons.io.output.QueueOutputStream                                  : loaded 2 times (x 83B)
Class com.google.common.util.concurrent.SettableFuture                                : loaded 2 times (x 110B)
Class com.google.common.cache.LocalCache$Strength$2                                   : loaded 2 times (x 77B)
Class com.google.common.cache.LocalCache$Strength$3                                   : loaded 2 times (x 77B)
Class com.google.common.collect.MapDifference                                         : loaded 2 times (x 66B)
Class com.google.common.base.Splitter$1                                               : loaded 2 times (x 73B)
Class org.objectweb.asm.FieldWriter                                                   : loaded 2 times (x 74B)
Class com.google.common.cache.CacheBuilder$NullListener                               : loaded 2 times (x 78B)
Class org.gradle.internal.classpath.TransformedClassPath                              : loaded 2 times (x 92B)
Class org.gradle.internal.classloader.InstrumentingClassLoader                        : loaded 2 times (x 66B)
Class org.apache.commons.io.output.UnsynchronizedByteArrayOutputStream                : loaded 2 times (x 98B)
Class com.google.common.cache.CacheLoader$FunctionToCacheLoader                       : loaded 2 times (x 71B)
Class com.google.common.collect.Iterators$ArrayItr                                    : loaded 2 times (x 93B)
Class com.google.common.collect.ImmutableCollection$Builder                           : loaded 2 times (x 72B)
Class org.apache.commons.io.output.ByteArrayOutputStream                              : loaded 2 times (x 98B)
Class com.google.common.base.Joiner                                                   : loaded 2 times (x 75B)
Class com.google.common.base.MoreObjects                                              : loaded 2 times (x 67B)
Class [Lorg.objectweb.asm.Type;                                                       : loaded 2 times (x 65B)
Class com.google.common.collect.Platform                                              : loaded 2 times (x 67B)
Class com.google.common.collect.UnmodifiableIterator                                  : loaded 2 times (x 76B)
Class org.gradle.internal.service.ServiceLocator                                      : loaded 2 times (x 66B)
Class com.google.common.base.Ascii                                                    : loaded 2 times (x 67B)
Class com.google.common.collect.SingletonImmutableBiMap                               : loaded 2 times (x 139B)
Class com.google.common.cache.LocalCache$1                                            : loaded 2 times (x 85B)
Class com.google.common.collect.AbstractMapEntry                                      : loaded 2 times (x 77B)
Class com.google.common.collect.Sets$ImprovedAbstractSet                              : loaded 2 times (x 131B)
Class com.google.common.collect.ImmutableList$Builder                                 : loaded 2 times (x 73B)
Class com.google.common.cache.LocalCache$2                                            : loaded 2 times (x 138B)
Class com.google.common.collect.AbstractMultimap                                      : loaded 2 times (x 119B)
Class com.google.common.util.concurrent.AbstractFuture$UnsafeAtomicHelper$1           : loaded 2 times (x 72B)
Class com.google.common.collect.RegularImmutableAsList                                : loaded 2 times (x 212B)
Class com.google.common.util.concurrent.AbstractFuture$Trusted                        : loaded 2 times (x 66B)
Class com.google.common.collect.Iterators                                             : loaded 2 times (x 67B)
Class com.google.common.base.CharMatcher$RangesMatcher                                : loaded 2 times (x 108B)
Class com.google.common.util.concurrent.UncheckedExecutionException                   : loaded 2 times (x 78B)
Class com.google.common.collect.Lists$StringAsImmutableList                           : loaded 2 times (x 203B)
Class org.gradle.kotlin.dsl.VersionCatalogAccessorsKt                                 : loaded 2 times (x 67B)
Class com.google.common.base.CharMatcher$JavaLetterOrDigit                            : loaded 2 times (x 107B)
Class org.gradle.internal.InternalTransformer                                         : loaded 2 times (x 66B)
Class com.google.common.collect.AbstractMapBasedMultimap$KeySet$1                     : loaded 2 times (x 78B)
Class org.objectweb.asm.ClassWriter                                                   : loaded 2 times (x 102B)
Class com.google.common.cache.CacheLoader$UnsupportedLoadingOperationException        : loaded 2 times (x 78B)
Class com.google.common.base.CharMatcher$And                                          : loaded 2 times (x 108B)
Class org.gradle.internal.classloader.ClasspathUtil$1                                 : loaded 2 times (x 72B)
Class com.google.common.base.Objects                                                  : loaded 2 times (x 67B)
Class org.objectweb.asm.FieldVisitor                                                  : loaded 2 times (x 73B)
Class com.google.common.collect.IndexedImmutableSet                                   : loaded 2 times (x 146B)
Class com.google.common.collect.ImmutableMap$1                                        : loaded 2 times (x 77B)
Class com.google.common.collect.BiMap                                                 : loaded 2 times (x 66B)
Class org.gradle.api.internal.classpath.DefaultModuleRegistry$DefaultModule           : loaded 2 times (x 82B)
Class com.google.common.primitives.Ints                                               : loaded 2 times (x 67B)
Class com.google.common.collect.AbstractIterator                                      : loaded 2 times (x 78B)
Class com.google.common.math.MathPreconditions                                        : loaded 2 times (x 67B)
Class com.google.common.collect.Multiset                                              : loaded 2 times (x 66B)
Class com.google.common.collect.ArrayListMultimapGwtSerializationDependencies         : loaded 2 times (x 168B)
Class com.google.common.collect.RegularImmutableMap$KeySet                            : loaded 2 times (x 146B)
Class com.google.common.collect.AbstractIndexedListIterator                           : loaded 2 times (x 92B)
Class org.apache.commons.io.output.NullOutputStream                                   : loaded 2 times (x 81B)
Class com.google.common.collect.ImmutableMapEntrySet                                  : loaded 2 times (x 147B)
Class org.gradle.api.internal.classpath.Module                                        : loaded 2 times (x 66B)
Class com.google.common.cache.Weigher                                                 : loaded 2 times (x 66B)
Class org.gradle.api.internal.classpath.UnknownModuleException                        : loaded 2 times (x 78B)
Class com.google.common.base.Stopwatch                                                : loaded 2 times (x 68B)
Class com.google.common.cache.LocalCache$Strength                                     : loaded 2 times (x 77B)
Class com.google.common.cache.Cache                                                   : loaded 2 times (x 66B)
Class com.google.common.util.concurrent.AbstractFuture$Cancellation                   : loaded 2 times (x 68B)
Class com.google.common.collect.ImmutableMap$Builder                                  : loaded 2 times (x 78B)
Class com.google.common.base.NullnessCasts                                            : loaded 2 times (x 67B)
Class com.google.common.cache.RemovalListener                                         : loaded 2 times (x 66B)
Class org.gradle.api.internal.DefaultClassPathRegistry                                : loaded 2 times (x 72B)
Class com.google.common.primitives.IntsMethodsForWeb                                  : loaded 2 times (x 67B)
Class com.google.common.collect.Multimap                                              : loaded 2 times (x 66B)
Class org.gradle.api.internal.ClassPathRegistry                                       : loaded 2 times (x 66B)
Class org.gradle.internal.classpath.DefaultClassPath$ImmutableUniqueList              : loaded 2 times (x 195B)
Class com.google.common.base.ExtraObjectsMethodsForWeb                                : loaded 2 times (x 67B)
Class org.apache.commons.io.IOUtils                                                   : loaded 2 times (x 67B)
Class com.google.common.base.PairwiseEquivalence                                      : loaded 2 times (x 79B)
Class com.google.common.cache.CacheBuilder                                            : loaded 2 times (x 68B)
Class com.google.common.collect.SingletonImmutableList                                : loaded 2 times (x 203B)
Class Settings_gradle$1                                                               : loaded 2 times (x 70B)
Class org.gradle.internal.classpath.ClassPath                                         : loaded 2 times (x 66B)
Class org.gradle.api.UncheckedIOException                                             : loaded 2 times (x 78B)
Class com.google.common.collect.ImmutableList$ReverseImmutableList                    : loaded 2 times (x 204B)
Class com.google.common.base.JdkPattern                                               : loaded 2 times (x 71B)
Class org.objectweb.asm.SymbolTable$Entry                                             : loaded 2 times (x 70B)
Class com.google.common.util.concurrent.AbstractFuture$AtomicHelper                   : loaded 2 times (x 74B)
Class org.objectweb.asm.Edge                                                          : loaded 2 times (x 68B)
Class com.google.common.base.Suppliers$SupplierOfInstance                             : loaded 2 times (x 75B)
Class com.google.common.collect.Iterators$1                                           : loaded 2 times (x 77B)
Class com.google.common.cache.LocalCache$ComputingValueReference                      : loaded 2 times (x 92B)
Class com.google.common.collect.SingletonImmutableSet                                 : loaded 2 times (x 142B)
Class com.google.common.collect.ImmutableMap$IteratorBasedImmutableMap                : loaded 2 times (x 121B)
Class com.google.common.cache.LocalCache$Segment                                      : loaded 2 times (x 150B)
Class [Lorg.objectweb.asm.SymbolTable$Entry;                                          : loaded 2 times (x 65B)
Class com.google.common.cache.CacheLoader                                             : loaded 2 times (x 70B)
Class com.google.common.collect.Iterators$4                                           : loaded 2 times (x 78B)
Class com.google.common.collect.ImmutableBiMap                                        : loaded 2 times (x 139B)
Class com.google.common.collect.AbstractListMultimap                                  : loaded 2 times (x 168B)
Class org.gradle.internal.installation.GradleInstallation$1                           : loaded 2 times (x 71B)
Class org.gradle.api.internal.classpath.ModuleRegistry                                : loaded 2 times (x 66B)
Class org.apache.commons.io.output.NullWriter                                         : loaded 2 times (x 95B)
Class com.google.common.util.concurrent.internal.InternalFutureFailureAccess          : loaded 2 times (x 68B)
Class com.google.common.collect.Iterators$5                                           : loaded 2 times (x 78B)
Class com.google.common.collect.ImmutableSet$JdkBackedSetBuilderImpl                  : loaded 2 times (x 72B)
Class com.google.common.base.Splitter$SplittingIterator                               : loaded 2 times (x 80B)
Class com.google.common.util.concurrent.AbstractFuture$UnsafeAtomicHelper             : loaded 2 times (x 74B)
Class com.google.common.cache.LocalCache$LocalManualCache$1                           : loaded 2 times (x 71B)
Class com.google.common.base.CharMatcher$ForPredicate                                 : loaded 2 times (x 108B)
Class com.google.common.collect.ImmutableCollection                                   : loaded 2 times (x 121B)
Class com.google.common.base.CharMatcher$AnyOf                                        : loaded 2 times (x 108B)
Class org.gradle.api.internal.classpath.DefaultModuleRegistry                         : loaded 2 times (x 82B)
Class com.google.common.util.concurrent.ListenableFuture                              : loaded 2 times (x 66B)
Class com.google.common.cache.ReferenceEntry                                          : loaded 2 times (x 66B)
Class com.google.common.collect.ImmutableSet$CachingAsList                            : loaded 2 times (x 143B)
Class com.google.common.base.Converter                                                : loaded 2 times (x 86B)
Class com.google.common.collect.Lists                                                 : loaded 2 times (x 67B)
Class com.google.common.base.CharMatcher$Any                                          : loaded 2 times (x 108B)
Class com.google.common.util.concurrent.AbstractFuture                                : loaded 2 times (x 102B)
Class com.google.common.base.FunctionalEquivalence                                    : loaded 2 times (x 79B)
Class com.google.common.collect.Iterators$9                                           : loaded 2 times (x 77B)
Class com.google.common.collect.AbstractMapBasedMultimap                              : loaded 2 times (x 135B)
Class com.google.common.collect.ImmutableAsList                                       : loaded 2 times (x 205B)
Class org.objectweb.asm.RecordComponentVisitor                                        : loaded 2 times (x 73B)
Class com.google.common.cache.CacheLoader$SupplierToCacheLoader                       : loaded 2 times (x 71B)
Class com.google.common.collect.Maps$EntryTransformer                                 : loaded 2 times (x 66B)
Class org.gradle.internal.service.ServiceLookupException                              : loaded 2 times (x 78B)
Class [Lcom.google.common.cache.LocalCache$EntryFactory;                              : loaded 2 times (x 65B)
Class com.google.common.base.CharMatcher$JavaLetter                                   : loaded 2 times (x 107B)
Class org.gradle.internal.classloader.ClassLoaderFactory                              : loaded 2 times (x 66B)
Class org.apache.commons.io.CloseableURLConnection                                    : loaded 2 times (x 113B)
Class com.google.common.cache.LocalCache$LocalManualCache                             : loaded 2 times (x 95B)
Class com.google.common.base.CharMatcher$IsNot                                        : loaded 2 times (x 107B)
Class com.google.common.base.CommonPattern                                            : loaded 2 times (x 70B)
Class org.gradle.internal.service.CachingServiceLocator                               : loaded 2 times (x 78B)
Class com.google.common.collect.AbstractMapBasedMultimap$KeySet                       : loaded 2 times (x 133B)
Class com.google.common.math.IntMath                                                  : loaded 2 times (x 67B)
Class com.google.common.collect.Iterators$10                                          : loaded 2 times (x 77B)
Class com.google.common.collect.ImmutableMapEntry                                     : loaded 2 times (x 81B)
Class com.google.common.base.CharMatcher$JavaDigit                                    : loaded 2 times (x 107B)
Class com.google.common.base.Equivalence                                              : loaded 2 times (x 78B)
Class com.google.common.collect.ImmutableMapEntry$NonTerminalImmutableMapEntry        : loaded 2 times (x 81B)
Class com.google.common.base.Function                                                 : loaded 2 times (x 66B)
Class org.apache.commons.io.output.AbstractByteArrayOutputStream                      : loaded 2 times (x 98B)
Class com.google.common.collect.IndexedImmutableSet$1                                 : loaded 2 times (x 208B)
Class com.google.common.cache.CacheBuilder$OneWeigher                                 : loaded 2 times (x 78B)
Class com.google.common.collect.RegularImmutableList                                  : loaded 2 times (x 208B)
Class com.google.common.collect.ImmutableBiMapFauxverideShim                          : loaded 2 times (x 116B)
Class org.gradle.internal.classloader.ClasspathUtil                                   : loaded 2 times (x 67B)
Class com.google.common.base.Charsets                                                 : loaded 2 times (x 67B)
Class com.google.common.util.concurrent.Uninterruptibles                              : loaded 2 times (x 67B)
Class com.google.common.collect.Maps                                                  : loaded 2 times (x 67B)
Class com.google.common.base.CharMatcher$JavaUpperCase                                : loaded 2 times (x 107B)
Class org.gradle.api.specs.Spec                                                       : loaded 2 times (x 66B)
Class [Lcom.google.common.collect.ImmutableEntry;                                     : loaded 2 times (x 65B)
Class com.google.common.cache.LocalCache$LoadingValueReference                        : loaded 2 times (x 92B)
Class com.google.common.collect.ObjectArrays                                          : loaded 2 times (x 67B)
Class com.google.common.base.Platform                                                 : loaded 2 times (x 67B)
Class [Lorg.objectweb.asm.AnnotationWriter;                                           : loaded 2 times (x 65B)
Class com.google.common.primitives.Ints$IntConverter                                  : loaded 2 times (x 86B)
Class com.google.common.collect.Maps$8                                                : loaded 2 times (x 78B)
Class com.google.common.collect.Sets$SetView                                          : loaded 2 times (x 134B)
Class com.google.common.cache.LocalCache$StrongValueReference                         : loaded 2 times (x 86B)
Class com.google.common.util.concurrent.AbstractFuture$SynchronizedHelper             : loaded 2 times (x 74B)
Class com.google.common.base.CharMatcher$Invisible                                    : loaded 2 times (x 108B)
Class org.objectweb.asm.Type                                                          : loaded 2 times (x 68B)
Class org.gradle.internal.classloader.VisitableURLClassLoader$InstrumentingVisitableURLClassLoader: loaded 2 times (x 119B)
Class org.objectweb.asm.ByteVector                                                    : loaded 2 times (x 75B)
Class [Lcom.google.common.cache.CacheBuilder$NullListener;                            : loaded 2 times (x 65B)
Class com.google.common.math.IntMath$1                                                : loaded 2 times (x 67B)
Class org.gradle.internal.classloader.VisitableURLClassLoader$Spec                    : loaded 2 times (x 70B)
Class org.gradle.internal.classpath.DefaultClassPath                                  : loaded 2 times (x 86B)
Class org.objectweb.asm.Symbol                                                        : loaded 2 times (x 69B)
Class com.google.common.base.AbstractIterator                                         : loaded 2 times (x 76B)
Class com.google.common.collect.RegularImmutableMap$Values                            : loaded 2 times (x 203B)
Class com.google.common.collect.ImmutableSet                                          : loaded 2 times (x 141B)
Class com.google.common.base.CharMatcher$Ascii                                        : loaded 2 times (x 108B)
Class com.google.common.base.CharMatcher$BitSetMatcher                                : loaded 2 times (x 108B)
Class org.gradle.internal.classloader.ClassLoaderSpec                                 : loaded 2 times (x 67B)
Class org.objectweb.asm.AnnotationWriter                                              : loaded 2 times (x 75B)
Class com.google.common.cache.CacheStats                                              : loaded 2 times (x 67B)
Class org.objectweb.asm.RecordComponentWriter                                         : loaded 2 times (x 74B)
Class com.google.common.util.concurrent.AbstractFuture$Listener                       : loaded 2 times (x 68B)
Class com.google.common.base.CharMatcher$Or                                           : loaded 2 times (x 108B)
Class Settings_gradle$1$1                                                             : loaded 2 times (x 70B)
Class org.objectweb.asm.Attribute                                                     : loaded 2 times (x 73B)
Class com.google.common.base.Supplier                                                 : loaded 2 times (x 66B)
Class org.gradle.internal.classloader.VisitableURLClassLoader                         : loaded 2 times (x 113B)
Class com.google.common.util.concurrent.AbstractFuture$Waiter                         : loaded 2 times (x 68B)
Class Settings_gradle                                                                 : loaded 2 times (x 124B)
Class org.gradle.internal.Cast                                                        : loaded 2 times (x 67B)
Class org.gradle.api.Action                                                           : loaded 2 times (x 66B)
Class com.google.common.base.Strings                                                  : loaded 2 times (x 67B)
Class com.google.common.collect.Sets                                                  : loaded 2 times (x 67B)
Class org.objectweb.asm.Handler                                                       : loaded 2 times (x 68B)
Class com.google.common.base.Ticker                                                   : loaded 2 times (x 68B)
Class com.google.common.base.CharMatcher$FastMatcher                                  : loaded 2 times (x 107B)
Class [Lcom.google.common.cache.LocalCache$Segment;                                   : loaded 2 times (x 65B)
Class [Lcom.google.common.cache.LocalCache$Strength;                                  : loaded 2 times (x 65B)
Class com.google.common.cache.CacheBuilder$1                                          : loaded 2 times (x 81B)
Class com.google.common.collect.ImmutableMap                                          : loaded 2 times (x 116B)
Class com.google.common.base.Predicate                                                : loaded 2 times (x 66B)
Class org.gradle.internal.classpath.DefaultClassPath$ImmutableUniqueList$Builder      : loaded 2 times (x 71B)
Class com.google.common.cache.LocalCache                                              : loaded 2 times (x 183B)
Class com.google.common.cache.CacheBuilder$2                                          : loaded 2 times (x 68B)
Class com.google.common.base.CharMatcher$NegatedFastMatcher                           : loaded 2 times (x 109B)
Class [Lcom.google.common.collect.AbstractMapEntry;                                   : loaded 2 times (x 65B)
Class com.google.common.collect.ImmutableEntry                                        : loaded 2 times (x 78B)
Class com.google.common.collect.ArrayListMultimap                                     : loaded 2 times (x 168B)
Class com.google.common.base.AbstractIterator$1                                       : loaded 2 times (x 67B)
Class com.google.common.base.CharMatcher$Digit                                        : loaded 2 times (x 108B)
Class org.gradle.api.GradleException                                                  : loaded 2 times (x 78B)
Class org.apache.commons.io.StandardLineSeparator                                     : loaded 2 times (x 75B)
Class com.google.common.collect.CollectPreconditions                                  : loaded 2 times (x 67B)
Class com.google.common.base.CharMatcher$JavaIsoControl                               : loaded 2 times (x 108B)
Class com.google.common.collect.SortedMapDifference                                   : loaded 2 times (x 66B)
Class com.google.common.base.CharMatcher$JavaLowerCase                                : loaded 2 times (x 107B)
Class com.google.common.cache.LocalCache$EntryFactory                                 : loaded 2 times (x 79B)
Class com.google.common.cache.LocalCache$AbstractReferenceEntry                       : loaded 2 times (x 103B)
Class com.google.common.base.Splitter$1$1                                             : loaded 2 times (x 82B)
Class com.google.common.base.CharMatcher$Whitespace                                   : loaded 2 times (x 108B)
Class org.gradle.internal.IoActions                                                   : loaded 2 times (x 67B)
Class org.objectweb.asm.SymbolTable                                                   : loaded 2 times (x 68B)
Class com.google.common.cache.CacheLoader$InvalidCacheLoadException                   : loaded 2 times (x 78B)
Class com.google.common.collect.ImmutableSet$RegularSetBuilderImpl                    : loaded 2 times (x 73B)
Class com.google.common.base.CharMatcher$SingleWidth                                  : loaded 2 times (x 108B)
Class org.gradle.internal.classloader.SystemClassLoaderSpec                           : loaded 2 times (x 67B)
Class com.google.common.cache.LocalCache$StrongEntry                                  : loaded 2 times (x 104B)
Class com.google.common.util.concurrent.AbstractFuture$TrustedFuture                  : loaded 2 times (x 110B)
Class com.google.common.cache.LoadingCache                                            : loaded 2 times (x 66B)
Class org.objectweb.asm.MethodWriter                                                  : loaded 2 times (x 102B)
Class [Lcom.google.common.cache.Weigher;                                              : loaded 2 times (x 65B)
Class com.google.common.collect.RegularImmutableMap$BucketOverflowException           : loaded 2 times (x 78B)
Class com.google.common.collect.RegularImmutableBiMap                                 : loaded 2 times (x 144B)
Class com.google.common.cache.LocalCache$ValueReference                               : loaded 2 times (x 66B)
Class com.google.common.base.CharMatcher$Is                                           : loaded 2 times (x 107B)
Class com.google.common.base.CharMatcher$Negated                                      : loaded 2 times (x 109B)
Class com.google.common.base.PatternCompiler                                          : loaded 2 times (x 66B)
Class com.google.common.util.concurrent.AbstractFuture$Failure                        : loaded 2 times (x 68B)
Class com.google.common.base.Equivalence$Equals                                       : loaded 2 times (x 78B)
Class com.google.common.collect.Hashing                                               : loaded 2 times (x 67B)
Class com.google.common.base.Preconditions                                            : loaded 2 times (x 67B)
Class com.google.common.base.Joiner$1                                                 : loaded 2 times (x 76B)
Class org.objectweb.asm.Label                                                         : loaded 2 times (x 69B)
Class org.objectweb.asm.CurrentFrame                                                  : loaded 2 times (x 69B)
Class org.objectweb.asm.ClassTooLargeException                                        : loaded 2 times (x 79B)
Class com.google.common.collect.PeekingIterator                                       : loaded 2 times (x 66B)
Class com.google.common.base.CharMatcher                                              : loaded 2 times (x 107B)
Class com.google.common.base.Joiner$2                                                 : loaded 2 times (x 75B)
Class org.objectweb.asm.Frame                                                         : loaded 2 times (x 69B)
Class org.objectweb.asm.MethodVisitor                                                 : loaded 2 times (x 101B)
Class com.google.common.cache.LocalCache$EntryFactory$1                               : loaded 2 times (x 79B)
Class [Lcom.google.common.cache.RemovalListener;                                      : loaded 2 times (x 65B)
Class com.google.common.base.CharMatcher$1                                            : loaded 2 times (x 109B)
Class com.google.common.base.CharMatcher$NamedFastMatcher                             : loaded 2 times (x 108B)
Class com.google.common.cache.LocalCache$EntryFactory$2                               : loaded 2 times (x 79B)
Class org.gradle.api.internal.classpath.GlobalCacheRootsProvider                      : loaded 2 times (x 66B)
Class org.objectweb.asm.ModuleWriter                                                  : loaded 2 times (x 78B)
Class com.google.common.cache.LocalCache$EntryFactory$3                               : loaded 2 times (x 79B)
Class com.google.common.base.Ticker$1                                                 : loaded 2 times (x 68B)
Class com.google.common.collect.ImmutableMapEntrySet$RegularEntrySet                  : loaded 2 times (x 147B)
Class com.google.common.collect.Maps$BiMapConverter                                   : loaded 2 times (x 86B)
Class com.google.common.cache.LocalCache$EntryFactory$4                               : loaded 2 times (x 79B)
Class com.google.common.collect.ImmutableSet$Builder                                  : loaded 2 times (x 81B)
Class com.google.common.base.CharMatcher$InRange                                      : loaded 2 times (x 107B)
Class com.google.common.cache.LocalCache$EntryFactory$5                               : loaded 2 times (x 79B)
Class com.google.common.base.Equivalence$Identity                                     : loaded 2 times (x 78B)
Class org.apache.commons.io.output.AppendableWriter                                   : loaded 2 times (x 96B)
Class com.google.common.cache.LocalCache$EntryFactory$6                               : loaded 2 times (x 79B)
Class org.gradle.internal.installation.CurrentGradleInstallationLocator               : loaded 2 times (x 67B)
Class org.apache.commons.io.output.ThresholdingOutputStream                           : loaded 2 times (x 90B)
Class com.google.common.collect.Maps$KeySet                                           : loaded 2 times (x 133B)
Class com.google.common.cache.LocalCache$EntryFactory$7                               : loaded 2 times (x 79B)
Class com.google.common.collect.ImmutableSet$EmptySetBuilderImpl                      : loaded 2 times (x 72B)
Class com.google.common.collect.ImmutableList                                         : loaded 2 times (x 202B)
Class org.gradle.internal.service.DefaultServiceLocator                               : loaded 2 times (x 79B)
Class com.google.common.cache.LocalCache$EntryFactory$8                               : loaded 2 times (x 79B)
Class com.google.common.collect.ImmutableSet$SetBuilderImpl                           : loaded 2 times (x 72B)
Class org.gradle.internal.installation.CurrentGradleInstallation                      : loaded 2 times (x 69B)
Class com.google.common.cache.CacheLoader$1                                           : loaded 2 times (x 71B)
Class com.google.common.collect.ImmutableList$SubList                                 : loaded 2 times (x 204B)
Class org.gradle.util.internal.GUtil                                                  : loaded 2 times (x 67B)
Class com.google.common.util.concurrent.AbstractFuture$SetFuture                      : loaded 2 times (x 71B)
Class com.google.common.cache.AbstractCache$StatsCounter                              : loaded 2 times (x 66B)
Class com.google.common.collect.Iterators$MergingIterator                             : loaded 2 times (x 77B)
Class com.google.common.collect.RegularImmutableSet                                   : loaded 2 times (x 144B)
Class org.gradle.internal.installation.GradleInstallation                             : loaded 2 times (x 71B)
Class com.google.common.collect.Iterables                                             : loaded 2 times (x 67B)
Class com.google.common.base.Splitter$Strategy                                        : loaded 2 times (x 66B)

---------------  S Y S T E M  ---------------

OS:
 Windows 11 , 64 bit Build 22621 (10.0.22621.4974)
OS uptime: 9 days 4:41 hours
Hyper-V role detected

CPU: total 8 (initial active 8) (4 cores per cpu, 2 threads per core) family 6 model 126 stepping 5 microcode 0xa0, cx8, cmov, fxsr, ht, mmx, 3dnowpref, sse, sse2, sse3, ssse3, sse4.1, sse4.2, popcnt, lzcnt, tsc, tscinvbit, avx, avx2, aes, erms, clmul, bmi1, bmi2, adx, avx512f, avx512dq, avx512cd, avx512bw, avx512vl, sha, fma, vzeroupper, avx512_vpopcntdq, avx512_vpclmulqdq, avx512_vaes, avx512_vnni, clflush, clflushopt, avx512_vbmi2, avx512_vbmi, hv, rdtscp, rdpid, fsrm, gfni, avx512_bitalg, f16c, avx512_ifma
Processor Information for all 8 processors :
  Max Mhz: 1190, Current Mhz: 991, Mhz Limit: 987

Memory: 4k page, system-wide physical 7930M (262M free)
TotalPageFile size 16126M (AvailPageFile size 10M)
current process WorkingSet (physical memory assigned to process): 421M, peak: 424M
current process commit charge ("private bytes"): 455M, peak: 484M

vm_info: OpenJDK 64-Bit Server VM (21.0.4+-12508038-b607.1) for windows-amd64 JRE (21.0.4+-12508038-b607.1), built on 2024-10-16T17:23:34Z by "builder" with MS VC++ 16.10 / 16.11 (VS2019)

END.
